MARKER_ID,SHOP_NAME,SHOP_ADDRESS,LATITUDE,LONGITUDE
TGDÐ,AK_AGI_TSO - Thửa 01 Núi Sập,"Đường Nguyễn Huệ (Ngay Bách hóa XANH Núi Sập), Xã Thoại Sơn, Tỉnh An Giang, Việt Nam",10.268571,105.267362
TGDÐ,AK_BDU_TAN - Thửa 1711 An Phú,"Ô 116 DC 31 Đường D11, Khu Dân Cư Việt Sing (Ngã 4 D11 - D33, Chợ Thuận Phát cũ), Phường An Phú, Thành phố Hồ Chí Minh, Việt Nam",10.94166,106.728459
TGDÐ,AK_DON_BHO - 06 Tam Hiệp,"Số 6-6A, Khu phố 6 (Ngay Bách hóa XANH chợ nhỏ đường Lý Văn Sâm), Phường Tam Hiệp, Tỉnh Đồng Nai, Việt Nam",10.955453,106.858012
TGDÐ,AK_DON_NTR - Hiệp Phước,"Tổ 9, Ấp 3 (Ngay Bách hóa XANH Đối Diện Chợ Hiệp Phước), Xã Nhơn Trạch, Tỉnh Đồng Nai, Việt Nam",10.74082,106.94572
TGDÐ,AK_DTH_HNG - An Thạnh,"(Ngay Bách hóa XANH gần khách sạn Hồng Liên), Phường Hồng Ngự, Tỉnh Đồng Tháp, Việt Nam",10.809575,105.344268
TGDÐ,AK_HCM_BCH - C7/3 Phạm Hùng,"C7/3 Đường Phạm Hùng (Gần trung tâm thương mại Satra Phạm Hùng), Xã Bình Hưng, Thành phố Hồ Chí Minh, Việt Nam",10.7321177,106.6742353
TGDÐ,AK_HCM_GVA - 80 Nguyễn Văn Khối,"80 Nguyễn Văn Khối (Ngay Bách hóa XANH cách Công viên Làng Hoa 300m), Phường Thông Tây Hội, Thành phố Hồ Chí Minh, Việt Nam",10.842235,106.659078
TGDÐ,AK_HCM_Q07 - 184 Lâm Văn Bền,"52 Đường số 51, Khu phố 4 (Ngay Bách hóa XANH Ngã Tư Lâm Văn Bền - Đường số 51), Phường Tân Hưng, Thành phố Hồ Chí Minh, Việt Nam",10.7412446,106.7157943
TGDÐ,AK_HCM_TDU - 71A Đình Phong Phú,"71A Đình Phong Phú, Khu phố 1, Phường Tăng Nhơn Phú, Thành phố Hồ Chí Minh, Việt Nam",10.8406403,106.7815229
TGDÐ,AK_STR_VCH - Phường 1 Vĩnh Châu,"Khóm 2 (Ngay Bách hóa XANH chợ Vĩnh Châu), Phường Vĩnh Châu, Thành phố Cần Thơ, Việt Nam",9.3286456,105.9807384
TGDÐ,AK_TGI_CTH - Ấp Rẫy,"Ấp Rẫy (Ngay Bách hóa XANH đối diện chợ Tân Hiệp), Xã Châu Thành, Tỉnh Đồng Tháp, Việt Nam",10.4502094,106.3433261
TGDÐ,AK1_BLI_BLI - 412 Võ Thị Sáu,"412 - 414 Võ Thị Sáu, Phường Bạc Liêu, Tỉnh Cà Mau, Việt Nam",9.2872434,105.7195553
TGDÐ,AK1_BLI_GRA - Hộ Phòng,"31 Quốc Lộ 1A, Khóm 2, Phường Giá Rai, Tỉnh Cà Mau, Việt Nam",9.2273479,105.4172271
TGDÐ,AK1_BTH_TPH - Phan Rí Cửa,"105 Thống Nhất, dân phố 5, Xã Phan Rí Cửa, Tỉnh Lâm Đồng, Việt Nam",11.17721,108.563519
TGDÐ,AK1_BRV_VTA - 232 Đường 30/4,"232 Đường 30/4, Phường Rạch Dừa, Thành phố Hồ Chí Minh, Việt Nam",10.3947151,107.1054003
TGDÐ,AK1_CTH_BTH - Bình Thuỷ,"Lê Hồng Phong, Phường Bình Thủy, Thành phố Cần Thơ, Việt Nam",10.0753806,105.7495497
TGDÐ,AK1_CMA_CMA - Phan Đình Phùng,"141 Phan Đình Phùng, Khóm 6, Phường An Xuyên, Tỉnh Cà Mau, Việt Nam",9.1823895,105.1472632
TGDÐ,AK1_CTH_CRA - KDC Phú An,"Khu dân cư Phú An (Lô số 20), Khu Đô Thị Mới Nam Sông Hậu, Phường Hưng Phú, Thành phố Cần Thơ, Việt Nam",10.004169,105.8068607
TGDÐ,AK1_DLA_BHO - 01 Phạm Ngũ Lão,"Số 01 Phạm Ngũ Lão, Phường Buôn Hồ, Tỉnh Đắk Lắk, Việt Nam",12.917072,108.2644489
TGDÐ,AK1_DNA_NHS - 74 Nguyễn Văn Thoại,"Số 74 Nguyễn Văn Thoại, Phường Ngũ Hành Sơn, Thành phố Đà Nẵng, Việt Nam",16.0544454,108.2402957
TGDÐ,AK1_GLA_CPR - 481 Hùng Vương,"481 Hùng Vương, Xã Chư Prông, Tỉnh Gia Lai, Việt Nam",13.75694,107.880379
TGDÐ,AK1_HCM_BCH - D15/41 Đinh Đức Thiện,"D15/41 Đinh Đức Thiện, Ấp 4, Xã Bình Chánh, Thành phố Hồ Chí Minh, Việt Nam",10.6621717,106.5749871
TGDÐ,AK1_AGI_BSO - Chợ Vàm Rầy,"1052 QL80, Ấp Thuận Hòa, Xã Bình Sơn, Tỉnh An Giang, Việt Nam",9.9874953,105.1575897
TGDÐ,AK1_HCM_TBI - 372 Phạm Văn Bạch,"372 Phạm Văn Bạch, Phường Tân Sơn, Thành phố Hồ Chí Minh, Việt Nam",10.8271951,106.6407589
TGDÐ,AK1_KGI_KLU - Kiên Lương (Ba Hòn),"Số 230 Đường Quốc Lộ 80, Khu phố Ba Hòn (Ba Hòn), Xã Kiên Lương, Tỉnh An Giang, Việt Nam",10.248641,104.589734
TGDÐ,AK1_KGI_RGI - Chợ Phi Thông,"Tổ 23, ấp Tà Tây, Phường Vĩnh Thông, Tỉnh An Giang, Việt Nam",10.0542578,105.1205295
TGDÐ,AK1_KHH_NTR - 58 Trường Sa,"58 Trường Sa, Phường Nha Trang, Tỉnh Khánh Hòa, Việt Nam",12.2146613,109.1966746
TGDÐ,AK1_QNG_QNG - 01 Nguyễn Chánh,"01 Nguyễn Chánh, Phường Nghĩa Lộ, Tỉnh Quảng Ngãi, Việt Nam",15.120871,108.785045
TGDÐ,AK1_TNI_TBI - Tân Biên,"Khu phố 2, Xã Tân Biên, Tỉnh Tây Ninh, Việt Nam",11.544738,106.003844
TGDÐ,AK1_VLO_MTH - Cái Nhum (Mang Thít),"Khóm 1, Xã Cái Nhum, Tỉnh Vĩnh Long, Việt Nam",10.1744792,106.1089649
TGDÐ,AK_BDU_TDM - An Mỹ Phú Mỹ,"12 An Mỹ-Phú Mỹ (Ngay Bách hóa XANH Chợ Phú Mỹ), Phường Bình Dương, Thành phố Hồ Chí Minh, Việt Nam",11.016053,106.67724
TGDÐ,AK_BRV_VTA - 95 Chí Linh 18,"95 Chí Linh 18 (Ngay Bách hóa XANH Kế bên trường mầm non Hoa Hướng Dương), Phường Tam Thắng, Thành phố Hồ Chí Minh, Việt Nam",10.3780263,107.1116751
TGDÐ,AK_BRV_VTA - Thửa số 605 (Nguyễn Hữu Cảnh),"179 Nguyễn Hữu Cảnh (Ngay Bách hóa XANH cách trường tiểu học Chí Linh 200m), Phường Rạch Dừa, Thành phố Hồ Chí Minh, Việt Nam",10.387042,107.107241
TGDÐ,AK_BRV_CDU - Thửa 58 Ngãi Giao,"200 Lê Hồng Phong, Khu Phố 2 (Ngay Bách hoá XANH-Cách vòng xoay Ngãi Giao 50m về hướng TT Thương Mại), Xã Ngãi Giao, Thành phố Hồ Chí Minh, Việt Nam",10.647523,107.245218
TGDÐ,AK_BTR_GTR – TT Giồng Trôm,"Khu phố 2 (Ngay Bách hóa XANH Cách chợ Giồng Trôm 100m), Xã Giồng Trôm, Tỉnh Vĩnh Long, Việt Nam",10.150741,106.505541
TGDÐ,AK_HCM_NBE - 895 Nguyễn Văn Tạo,"895 Nguyễn Văn Tạo, Ấp 1, Xã Hiệp Phước, Thành phố Hồ Chí Minh, Việt Nam",10.6325786,106.7358041
TGDÐ,AK_HCM_TDU - 99 Tăng Nhơn Phú,"99 Tăng Nhơn Phú, Phường Phước Long, Thành phố Hồ Chí Minh, Việt Nam",10.828845,106.77272
TGDÐ,AK_KGI_RGI - 1066 Nguyễn Trung Trực,"1066 Nguyễn Trung Trực, Khu phố 2 (Ngay Bách hóa XANH vòng xoay Phan Thị Ràng), Phường Rạch Giá, Tỉnh An Giang, Việt Nam",9.970048,105.107861
TGDÐ,AK_LDO_DLI - Thửa 705 Di Linh,"775 đường Hùng Vương, Tổ dân phố 14 (Ngay Bách hóa XANH cách chợ cũ Di Linh 150m), Xã Di Linh, Tỉnh Lâm Đồng, Việt Nam",11.592117,108.07837
TGDÐ,AK1_AGI_CTH - Quốc Lộ 91,"Đường Quốc lộ 91, ấp Phú Hòa 1, Xã Bình Hòa, Tỉnh An Giang, Việt Nam",10.463298,105.342539
TGDÐ,AK1_AGI_TBI - Hữu Nghị,"449 Đường Hữu Nghị, Phường Tịnh Biên, Tỉnh An Giang, Việt Nam",10.603925,104.945747
TGDÐ,AK1_AGI_TTO - Ba Chúc,"Xã Ba Chúc, Tỉnh An Giang, Việt Nam",10.493536,104.909375
TGDÐ,AK1_BPH_DXO - Ngã Ba Tân Xuân,"Khu TĐC đường DT741 (Ngã ba Tân Xuân), Phường Bình Phước, Tỉnh Đồng Nai, Việt Nam",11.5215432,106.8936521
TGDÐ,AK1_BTR_BTR - 307/C Nguyễn Huệ,"Phường Phú Khương, Phường Phú Khương, Tỉnh Vĩnh Long, Việt Nam",10.2447646,106.379483
TGDÐ,AK1_DNA_HCH - 281 Trưng Nữ Vương,"281 Trưng Nữ Vương, Phường Hòa Cường, Thành phố Đà Nẵng, Việt Nam",16.0523214,108.2176116
TGDÐ,AK1_CMA_TVT - Thị Trấn Sông Đốc,"Đường DT987A, Tổ 3, Khóm 10, Xã Sông Đốc, Tỉnh Cà Mau, Việt Nam",9.0427085,104.8332346
TGDÐ,AK1_DON_BHO - Tam Phước,"605 đường Phùng Hưng, khu phố Long Đức 1, Phường Tam Phước, Tỉnh Đồng Nai, Việt Nam",10.8627764,106.9634726
TGDÐ,AK1_HCM_GVA - 117 Thống Nhất,"117 Thống Nhất, Phường Thông Tây Hội, Thành phố Hồ Chí Minh, Việt Nam",10.8336831,106.6640193
TGDÐ,AK1_HCM_KHH - 72 Tôn Đản,"72 Tôn Đản, Phường Xóm Chiếu, Thành phố Hồ Chí Minh, Việt Nam",10.7607502,106.7072762
TGDÐ,AK1_HCM_HTR - Chợ Bà Tô,"Quầy A2, Chợ Bà Tô, đường Quốc Lộ 55, Xã Hồ Tràm, Thành phố Hồ Chí Minh, Việt Nam",10.5354385,107.4010663
TGDÐ,AK1_HCM_TPH - 61 Nguyễn Đỗ Cung,"61 Nguyễn Đỗ Cung, Phường Tây Thạnh, Thành phố Hồ Chí Minh, Việt Nam",10.8078456,106.6291341
TGDÐ,AK1_KGI_CTH - Minh Lương,"Đường Quốc Lộ 61, Tổ 12, Khu phố Minh An, Xã Châu Thành, Tỉnh An Giang, Việt Nam",9.904122,105.1596943
TGDÐ,AK1_KHH_NTR - 22 Phương Sài (Hub),"Số 22 đường Phương Sài, Phường Tây Nha Trang, Tỉnh Khánh Hòa, Việt Nam",12.2511653,109.1844004
TGDÐ,AK1_KHH_NTR - Vĩnh Hiệp,"65 đường A1, Khu đô thị Vĩnh Điềm Trung, Phường Tây Nha Trang, Tỉnh Khánh Hòa, Việt Nam",12.257695,109.16679
TGDÐ,AK1_STR_STR - Hai Bà Trưng,"Phường Phú Lợi, Thành phố Cần Thơ, Việt Nam",9.6045517,105.9746775
TGDÐ,AK1_TGI_GCD - Tân Hòa,"Khu phố Hoà Thơm 1, Xã Tân Hòa, Tỉnh Đồng Tháp, Việt Nam",10.321083,106.710833
TGDÐ,AK1_VLO_VLI - 158A Nam Kỳ Khởi Nghĩa,"158A Nam Kỳ Khởi Nghĩa, Khóm 2, Xã Trung Thành, Tỉnh Vĩnh Long, Việt Nam",10.095344,106.185732
TGDÐ,AK1_VLO_CVO - Bình Minh,"Phường Cái Vồn, Tỉnh Vĩnh Long, Việt Nam",10.0708909,105.8227619
TGDÐ,AK_AGI_CMO - Thửa 27 Mỹ Luông,"Ấp Thị 2 (Ngay Bách hóa XANH đối diện Trung tâm thương mại Mỹ Luông), Xã Long Điền, Tỉnh An Giang, Việt Nam",10.508475,105.488971
TGDÐ,AK_BDU_TAN - An Thạnh,"66/2 Tổ 8, Khu phố Thạnh Hòa B (Ngay Bách hóa XANH gần nhà thờ Chợ Búng), Phường Thuận An, Thành phố Hồ Chí Minh, Việt Nam",10.9453712,106.6929107
TGDÐ,AK_BTR_BTR - Ba Tri,"Đường tỉnh Trần Hưng Đạo (Ngay Bách hóa XANH công viên Ba Tri), Xã Ba Tri, Tỉnh Vĩnh Long, Việt Nam",10.041849,106.592648
TGDÐ,AK_HCM_Q10 - 95C Hòa Hưng,"95C Đường Hòa Hưng (Ngay Bách hóa XANH Cách ngã ba CMT8-Hòa Hưng 300m), Phường Hòa Hưng, Thành phố Hồ Chí Minh, Việt Nam",10.779047,106.6742098
TGDÐ,AK_HGI_LMY - Thuận An,"Khu vực 2 (Ngay Bách hóa XANH vòng xoay cầu mới Long Mỹ), Phường Long Mỹ, Thành phố Cần Thơ, Việt Nam",9.679004,105.568883
TGDÐ,AK_KHH_NTR - 129 Dương Hiến Quyền,"Số 129-131 Dương Hiền Quyền (Ngay Bách hóa XANH cách Chợ Ba Làng 30m), Phường Bắc Nha Trang, Tỉnh Khánh Hòa, Việt Nam",12.288384,109.203579
TGDÐ,AK_LAN_BLU -Tân Bửu,"Ấp 2 (Ngay ngã 3 Tân Bửu, cạnh cây xăng Chín Các), Xã Lương Hòa, Tỉnh Tây Ninh, Việt Nam",10.681809,106.540329
TGDÐ,AK_LAN_DHO - Bình Tả 2,"Ấp Bình Tả 2 (Đức Hòa Hạ) (Ngay Bách hóa XANH-Ngay Chợ Chiều), Xã Đức Hòa, Tỉnh Tây Ninh, Việt Nam",10.8126282,106.4741739
TGDÐ,AK1_AGI_CMO - Thị Trấn Chợ Mới,"TT Chợ Mới, Xã Chợ Mới, Tỉnh An Giang, Việt Nam",10.5502721,105.4039508
TGDÐ,AK1_AGI_CTH - Vĩnh Bình (Châu Thành),"Xã Vĩnh An, Tỉnh An Giang, Việt Nam",10.4426732,105.1723496
TGDÐ,AK1_DNG_GNG - 25 Trương Định,"25 Trương Định, Phường Bắc Gia Nghĩa, Tỉnh Lâm Đồng, Việt Nam",12.005464,107.683789
TGDÐ,AK1_DTH_CLA - Mỹ Thọ,"Thị Trấn Mỹ Thọ, Xã Mỹ Thọ, Tỉnh Đồng Tháp, Việt Nam",10.4458157,105.6972201
TGDÐ,AK1_HCM_Q08 - 3427A Phạm Thế Hiển,"3427A Phạm Thế Hiển, Phường Bình Đông, Thành phố Hồ Chí Minh, Việt Nam",10.707037,106.623361
TGDÐ,AK1_HCM_BCH - Thửa 521 Tân Kiên,"B8/29B, ấp 2, Xã Tân Nhựt, Thành phố Hồ Chí Minh, Việt Nam",10.7138646,106.5929496
TGDÐ,AK1_HCM_CCH - 62A Liêu Bình Hương,"Xã Củ Chi, Thành phố Hồ Chí Minh, Việt Nam",10.9639467,106.5040291
TGDÐ,AK1_KGI_VTH - Vĩnh Thuận (QL63),"Quốc Lộ 63, ấp (khu phố) Vĩnh Phước 2, Xã Vĩnh Phong, Tỉnh An Giang, Việt Nam",9.5109979,105.2551748
TGDÐ,AK1_LDO_DTE - Thị Trấn Đạ Tẻh,"Tổ dân phố 2a, Xã Đạ Tẻh, Tỉnh Lâm Đồng, Việt Nam",11.5046694,107.4871483
TGDÐ,AK1_TGI_CLA -  Cai Lậy,"Khu 1, Phường Cai Lậy, Tỉnh Đồng Tháp, Việt Nam",10.4108458,106.120166
TGDÐ,AK1_TVI_CKE - Thị Trấn Cầu Kè,"Khóm 6, Xã Cầu Kè, Tỉnh Vĩnh Long, Việt Nam",9.869339,106.055756
TGDÐ,AK1_VLO_TTH - Thành Thới,"Xã Thành Thới, Tỉnh Vĩnh Long, Việt Nam",10.0686226,106.3638773
TGDÐ,AK_AGI_TBI - DT948 Chi Lăng,"Quân Khu 9, Đường DT948 (Ngay Bách hóa XANH Chi Lăng), Phường Chi Lăng, Tỉnh An Giang, Việt Nam",10.533328,105.025889
TGDÐ,AK_AGI_TBI - Thị trấn Nhà Bàng,"(Ngay Bách hóa XANH cách Chợ Nhà Bàng 150m), Phường Thới Sơn, Tỉnh An Giang, Việt Nam",10.62001,105.001508
TGDÐ,AK_BLI_GRA - Phường 01 (Giá Rai),"Khóm 2 (Ngay Bách hóa XANH cách Thế Giới Di Động 50m), Phường Giá Rai, Tỉnh Cà Mau, Việt Nam",9.238746,105.459103
TGDÐ,AK_HCM_BCH - An Phú Tây,"222A Đường An Phú Tây-Hương Long, Ấp 2 (Ngay Bách hóa XANH ngã ba An Phú Tây-Hưng Long), Xã Bình Chánh, Thành phố Hồ Chí Minh, Việt Nam",10.681023,106.6118668
TGDÐ,AK_HCM_BTA - 66/18 Bình Thành,"66/18 Bình Thành, Khu phố 4, Phường Bình Tân, Thành phố Hồ Chí Minh, Việt Nam",10.8010243,106.5895483
TGDÐ,AK_HCM_GVA - 1470 Lê Đức Thọ,"1470 Lê Đức Thọ, Phường An Hội Tây, Thành phố Hồ Chí Minh, Việt Nam",10.858574,106.6524752
TGDÐ,AK_HGI_PHI - Chợ Kinh Cùng (Tân Bình),"Ấp Cầu Xáng (Ngay Bách hóa XANH Chợ Kinh Cùng), Xã Phụng Hiệp, Thành phố Cần Thơ, Việt Nam",9.813675,105.648883
TGDÐ,AK_TGI_CBE - An Thái Đông,"Ấp Thái Hòa (Ngay Bách hóa XANH hông chợ Cổ Cò-đường lộ đá đỏ), Xã Mỹ Lợi, Tỉnh Đồng Tháp, Việt Nam",10.337687,105.916607
TGDÐ,AK_TNI_TNI - Thửa 15 Phường 4 (Hub),"Nguyễn Văn Rốp, Khu phố 1 (Ngay Bách hóa XANH Ngã 3 Cây Gõ), Phường Tân Ninh, Tỉnh Tây Ninh, Việt Nam",11.307007,106.12194
TGDÐ,AK_BDU_BCA - Thửa 2556 Thới Hòa,"Đường DJ9 (kế bên BHX Chợ Mỹ Phước 3), Phường Thới Hòa, Thành phố Hồ Chí Minh, Việt Nam",11.098913,106.640155
TGDÐ,AK1_BDU_DAN - Chợ Dĩ An (Hub),"15/20 khu phố Bình Minh 1, Phường Dĩ An, Thành phố Hồ Chí Minh, Việt Nam",10.9065964,106.7701793
TGDÐ,AK1_BPH_CTH - Quốc lộ 14 (Minh Lập),"Ấp 4, Xã Nha Bích, Tỉnh Đồng Nai, Việt Nam",11.5173934,106.7450315
TGDÐ,AK1_DNA_CLE - 205 Ông Ích Đường,"Số 205 Ông Ích Đường, tổ 3, Phường Cẩm Lệ, Thành phố Đà Nẵng, Việt Nam",16.0149723,108.2055086
TGDÐ,AK1_GLA_PLK - Thửa 48 Thống Nhất,"Tổ 5, Phường Thống Nhất, Tỉnh Gia Lai, Việt Nam",14.000444,107.995417
TGDÐ,AK1_KHH_NTR - 46 Lê Hồng Phong,"46 Lê Hồng Phong, Phường Nam Nha Trang, Tỉnh Khánh Hòa, Việt Nam",12.2471498,109.1815112
TGDÐ,AK1_HCM_TPH - 28 Trịnh Đình Thảo,"28 Trịnh Đình Thảo, Phường Tân Phú, Thành phố Hồ Chí Minh, Việt Nam",10.7750138,106.635053
TGDÐ,AK1_KHH_NTR - Vĩnh Thạnh (Hub),"996 đường 23 tháng 10, Tổ 01, thôn Phú Trung, Phường Tây Nha Trang, Tỉnh Khánh Hòa, Việt Nam",12.2575602,109.1491045
TGDÐ,AK1_LAN_TTR - Tân Trụ,"Ấp Bình Hòa, Xã Tân Trụ, Tỉnh Tây Ninh, Việt Nam",10.5138119,106.5080234
TGDÐ,AK1_HCM_Q11 - Chung Cư Thuận Việt (Hub),"319 Lý Thường Kiệt (Chung cư Thuận Việt), Phường Phú Thọ, Thành phố Hồ Chí Minh, Việt Nam",10.7766687,106.6542457
TGDÐ,AK1_TGI_MTH - 110C Ấp Bắc,"110C Ấp Bắc, Phường Đạo Thạnh, Tỉnh Đồng Tháp, Việt Nam",10.3635304,106.3594902
TGDÐ,AK_BTH_PTH - Hàm Tiến,"228 Nguyễn Đình Chiểu, Khu phố 3 (Ngay Bách hóa XANH chợ Hàm Tiến), Phường Mũi Né, Tỉnh Lâm Đồng, Việt Nam",10.954419,108.245421
TGDÐ,AK_DON_TBO - Thửa 434 Bắc Sơn,"Số 304 Tổ 40, Ấp Phú Sơn (Ngay Bách hóa XANH bên hông Chợ Phú Sơn), Xã Bình Minh, Tỉnh Đồng Nai, Việt Nam",10.950622,106.953254
TGDÐ,AK_HCM_BCH - F7/9 Trần Văn Giàu,"F7/9 Trần Văn Giàu, Ấp 6 (Ngay Bách hóa XANH Chợ Cầu Bà Lát), Xã Bình Lợi, Thành phố Hồ Chí Minh, Việt Nam",10.770704,106.551122
TGDÐ,AK_HCM_TBI - 66 Thân Nhân Trung,"66-66A-68A Thân Nhân Trung (Ngay Bách hóa XANH Ngã 3 Thân Nhân Trung-Nguyễn Đức Thuận), Phường Tân Bình, Thành phố Hồ Chí Minh, Việt Nam",10.80444,106.6427
TGDÐ,AK_NTH_TNA - Cà Ná,"Thôn Lạc Nghiệp (Ngay Bách hóa XANH chợ Cà Ná), Xã Cà Ná, Tỉnh Khánh Hòa, Việt Nam",11.3390087,108.8887258
TGDÐ,AK1_BDI_QNH - 455 Nguyễn Thái Học,"Số 455 Nguyễn Thái Học, Phường Quy Nhơn Nam, Tỉnh Gia Lai, Việt Nam",13.7614109,109.2125069
TGDÐ,AK_TGI_GCT - Vĩnh Bình,"Ấp Hạ, Khu phố 04 (Ngay Bách hóa XANH cách công viên Nguyễn Văn Côn 200m), Xã Vĩnh Bình, Tỉnh Đồng Tháp, Việt Nam",10.3472088,106.5800052
TGDÐ,AK1_AGI_TCH - 257 Nguyễn Tri Phương,"257 Nguyễn Tri Phương, khóm Long Thạnh D, Phường Tân Châu, Tỉnh An Giang, Việt Nam",10.7963338,105.2377498
TGDÐ,AK1_BRV_VTA - 396 Lê Lợi,"Phường 7, Phường Tam Thắng, Thành phố Hồ Chí Minh, Việt Nam",10.3699996,107.0768031
TGDÐ,AK1_BTH_PTH - 207 Tôn Đức Thắng,"207 Đường Tôn Đức Thắng, Khu Phố 5, Phường Phú Thủy, Tỉnh Lâm Đồng, Việt Nam",10.9362463,108.111149
TGDÐ,AK1_CMA_CNU - Cái Nước,"Quốc Lộ 1A, Khóm 2, Xã Cái Nước, Tỉnh Cà Mau, Việt Nam",8.9440604,105.0110582
TGDÐ,AK1_DNA_HKH - Nam Trân,"Lô 1 Khu B2-6, Đường Nam Trân, Phường Hòa Khánh, Thành phố Đà Nẵng, Việt Nam",16.0597286,108.1716035
TGDÐ,AK1_DON_BHO - 03 Nguyễn Văn Tiên,"Số 03 Nguyễn Văn Tiên, Phường Tân Triều, Tỉnh Đồng Nai, Việt Nam",10.9789367,106.8472968
TGDÐ,AK1_DON_BHO - 91 Vũ Hồng Phô,"Đường Vũ Hồng Phô (An Bình), Phường Trấn Biên, Tỉnh Đồng Nai, Việt Nam",10.931734,106.8652007
TGDÐ,AK1_HCM_BTA - 202 Lê Đình Cẩn,"202 Lê Đình Cẩn, Khu phố 10, Phường Tân Tạo, Thành phố Hồ Chí Minh, Việt Nam",10.759665,106.5973759
TGDÐ,AK1_DTH_SDE_90 Nguyễn Sinh Sắc,"Số 90 Đường Nguyễn Sinh Sắc, Phường Sa Đéc, Tỉnh Đồng Tháp, Việt Nam",10.2906069,105.7673472
TGDÐ,AK1_HCM_Q10 - 68/1 Trần Nhân Tôn,"68/1 Trần Nhân Tôn, Phường Vườn Lài, Thành phố Hồ Chí Minh, Việt Nam",10.7632432,106.6746105
TGDÐ,AK1_HCM_TBI - 515 Lạc Long Quân,"515 Lạc Long Quân, Phường Bảy Hiền, Thành phố Hồ Chí Minh, Việt Nam",10.775152,106.64806
TGDÐ,AK1_HCM_TDU - 622 Kha Vạn Cân,"622 Kha Vạn Cân, Phường Hiệp Bình, Thành phố Hồ Chí Minh, Việt Nam",10.840837,106.745842
TGDÐ,AK1_LAN_CDU - Cần Đước,"Khu Phố 05, Xã Cần Đước, Tỉnh Tây Ninh, Việt Nam",10.502436,106.603893
TGDÐ,AK1_LAN_TAN - 18 Võ Văn Tần,"Số 16-18 đường Võ Văn Tần, Phường Long An, Tỉnh Tây Ninh, Việt Nam",10.5391367,106.4090768
TGDÐ,AK1_LAN_TTH - 193 Quốc lộ 62,"193 Quốc lộ 62, Khu phố 3, Xã Tân Thạnh, Tỉnh Tây Ninh, Việt Nam",10.611485,106.0472725
TGDÐ,AK1_QNG_QNG - Nghĩa Chánh,"Phường Cẩm Thành, Tỉnh Quảng Ngãi, Việt Nam",15.1221676,108.8081166
TGDÐ,AK1_TNI_TDI - Hiệp An,"Phường Thanh Điền, Tỉnh Tây Ninh, Việt Nam",11.2943965,106.1142981
TGDÐ,AK_BRV_TTH - Hắc Dịch,"Tổ 1, Khu phố 5 (Ngay Bách hóa XANH vòng xoay Hắc Dịch), Phường Tân Thành, Thành phố Hồ Chí Minh, Việt Nam",10.641993,107.12215
TGDÐ,AK_BTH_DLI - Võ Xu,"280 Cách Mạng Tháng 8, Khu phố 4 (Ngay Bách hóa XANh đối diện chợ Võ Xu), Xã Đức Linh, Tỉnh Lâm Đồng, Việt Nam",11.1901534,107.5764971
TGDÐ,AK_BTR_CTH - 153A Khu Phố 4 (Châu Thành),"153A Đường ĐT 883, Khu phố 4 (Ngay Bách hóa XANH Đối Diện Chợ Ngã Tư Huyện (Tân Huề Đông)), Xã Phú Túc, Tỉnh Vĩnh Long, Việt Nam",10.309738,106.359355
TGDÐ,AK_HCM_BCH - F1/14 Vĩnh Lộc,"F1/14 Đường Vĩnh Lộc, Ấp 6 (Ngay Bách hóa XANH đối diện chợ Vĩnh Lộc), Xã Vĩnh Lộc, Thành phố Hồ Chí Minh, Việt Nam",10.810868,106.57483
TGDÐ,AK_DTH_TMU - Mỹ An,"Đường Gò Tháp (Ngay Bách hóa XANH Ngã 3 Tùng Nghi (Chân cầu Ngân Hàng)), Xã Tháp Mười, Tỉnh Đồng Tháp, Việt Nam",10.525328,105.847235
TGDÐ,AK_HCM_TDU - 623G Đỗ Xuân Hợp,"623G Đỗ Xuân Hợp (Ngay Bách hóa XANH cách chung cư Nam Long 100m), Phường Phước Long, Thành phố Hồ Chí Minh, Việt Nam",10.8059853,106.7778517
TGDÐ,AK_KHH_NTR - 106 Nguyễn Trãi,"106-106A Nguyễn Trãi (Ngay Bách hóa XANH ngã tư Nguyễn Trãi - Hồng Bàng), Phường Nha Trang, Tỉnh Khánh Hòa, Việt Nam",12.243702,109.1868194
TGDÐ,AK1_AGI_CTH - An Châu,"Ấp Hoà Long 1, Xã An Châu, Tỉnh An Giang, Việt Nam",10.4433579,105.3876397
TGDÐ,AK1_CTH_THO - Chợ Bảy Ngàn,"DT 931B, Xã Tân Hoà, Thành phố Cần Thơ, Việt Nam",9.8845783,105.5850154
TGDÐ,AK1_AGI_GQU - Chợ Sóc Ven,"Số nhà 335, tổ 6, ấp An Trung, Xã Gò Quao, Tỉnh An Giang, Việt Nam",9.772863,105.3154781
TGDÐ,AK1_DLA_BMT - 131 Lê Duẩn,"129 - 131 Lê Duẩn, Phường Ea Kao, Tỉnh Đắk Lắk, Việt Nam",12.6663467,108.0383492
TGDÐ,AK1_DON_TBO - Chợ Đông Hòa,"Xã Hưng Thịnh, Tỉnh Đồng Nai, Việt Nam",10.943774,107.067464
TGDÐ,AK1_GLA_DHO - 147 Hoàng Văn Thụ,"147 Hoàng Văn Thụ, Phường Diên Hồng, Tỉnh Gia Lai, Việt Nam",13.979672,107.997084
TGDÐ,AK1_HCM_BTA - 126 Liên Khu 5-6,"126 Đường Liên Khu 5-6, Phường Bình Tân, Thành phố Hồ Chí Minh, Việt Nam",10.790269,106.5898519
TGDÐ,AK1_GLA_PLK - 609 Lê Đại Hành,"Tổ 6, Phường Thống Nhất, Tỉnh Gia Lai, Việt Nam",14.030846,107.988932
TGDÐ,AK1_HCM_BTH - 18 Nguyễn Văn Thương,"18 Nguyễn Văn Thương, Phường Thạnh Mỹ Tây, Thành phố Hồ Chí Minh, Việt Nam",10.8009287,106.718576
TGDÐ,AK1_HCM_Q11 - 42 Bình Thới,"42 Bình Thới, Phường Hòa Bình, Thành phố Hồ Chí Minh, Việt Nam",10.7685379,106.6511653
TGDÐ,AK1_HCM_Q11 - 231 Lãnh Binh Thăng,"231 Lãnh Binh Thăng, Phường Phú Thọ, Thành phố Hồ Chí Minh, Việt Nam",10.7625571,106.6520465
TGDÐ,AK1_PYE_DHO - Hoà Hiệp Trung,"Khu phố Phú Hiệp 3, Phường Hòa Hiệp, Tỉnh Đắk Lắk, Việt Nam",12.9975997,109.3626696
TGDÐ,AK1_KGI_RGI - 440 Nguyễn Trung Trực (Đống Đa),"440 Nguyễn Trung Trực, Phường Rạch Giá, Tỉnh An Giang, Việt Nam",9.9944235,105.0942325
TGDÐ,AK1_HCM_TBI - 116 Trương Công Định,"116 đường Trương Công Định, Phường Tân Bình, Thành phố Hồ Chí Minh, Việt Nam",10.7955401,106.6406695
TGDÐ,AK1_DNA_HKH - 97 Tô Hiệu,"97 Tô Hiệu, Phường Hòa Khánh, Thành phố Đà Nẵng, Việt Nam",16.06012,108.1673776
TGDÐ,AK_BDU_TDM - 258 Lê Hồng Phong,"258 Lê Hồng Phong, Khu phố 5 (Ngay Bách hóa XANH đối diện Chợ Phú Hòa), Phường Phú Lợi, Thành phố Hồ Chí Minh, Việt Nam",10.982402,106.680148
TGDÐ,AK_KGI_AMI - Thửa 208 Thứ Mười Một,"Khu phố 3 (Ngay Bách hóa XANH cách Bưu điện An Minh 100m), Xã An Minh, Tỉnh An Giang, Việt Nam",9.61839,104.94455
TGDÐ,AK_LAN_CDU – Long Hòa,"Khu dân cư Nam Long 2 (Ngay Bách hóa XANH đối diện chợ Rạch Kiến), Xã Rạch Kiến, Tỉnh Tây Ninh, Việt Nam",10.5813354,106.5900975
TGDÐ,AK_VLO_VLO - 62 Trần Đại Nghĩa,"62 Trần Đại Nghĩa (Ngay Bách hóa XANH Ngã Tư Trần Đại Nghĩa-Nguyễn Văn Thiệt), Phường Phước Hậu, Tỉnh Vĩnh Long, Việt Nam",10.2465021,105.9790617
TGDÐ,AK1_DNA_STR - 05 Nguyễn Phan Vinh,"Số 05 Nguyễn Phan Vinh, Phường Sơn Trà, Thành phố Đà Nẵng, Việt Nam",16.1010854,108.2499858
TGDÐ,AK1_DLA_BMT - 275 Phan Bội Châu,"275 Phan Bội Châu, Phường Buôn Ma Thuột, Tỉnh Đắk Lắk, Việt Nam",12.6822157,108.0301377
TGDÐ,AK1_DON_BHO - K4/247A Nguyễn Tri Phương (Bửu Hòa),"K4/247A Nguyễn Tri Phương (Bửu Hòa), Phường Biên Hòa, Tỉnh Đồng Nai, Việt Nam",10.9286545,106.8208051
TGDÐ,AK1_BRV_TTH - Mỹ Xuân,"Quốc Lộ 51, Phường Phú Mỹ, Thành phố Hồ Chí Minh, Việt Nam",10.6238126,107.0550553
TGDÐ,AK_TGI_CBE - An Hữu,"Ấp 04 (Ngay Bách hóa XANH cách chợ An Hữu 300m), Xã An Hữu, Tỉnh Đồng Tháp, Việt Nam",10.3140937,105.891215
TGDÐ,AK1_GLA_AKH - An Phú,"Tổ dân phố 07, Phường An Khê, Tỉnh Gia Lai, Việt Nam",13.9546953,108.6644894
TGDÐ,AK1_HCM_BTA - 320 Hồ Học Lãm (Hub),"320 Đường Hồ Học Lãm, Khu Phố 3, Phường An Lạc, Thành phố Hồ Chí Minh, Việt Nam",10.7232935,106.6104796
TGDÐ,AK1_HCM_Q03 - 101 Vườn Chuối (Hub),"101 Vườn Chuối, Phường Bàn Cờ, Thành phố Hồ Chí Minh, Việt Nam",10.7741561,106.6827634
TGDÐ,AK1_DTH_TBI - Tân Đông B,"Thị trấn Thanh Bình, Xã Thanh Bình, Tỉnh Đồng Tháp, Việt Nam",10.5582987,105.4870762
TGDÐ,AK1_HCM_TDU - 1127 Tỉnh Lộ 43,"1127 Tỉnh Lộ 43, Phường Tam Bình, Thành phố Hồ Chí Minh, Việt Nam",10.885387,106.72861
TGDÐ,AK1_KHH_NTR - Lô 11 Phong Châu,"Đường Phong Châu, Phường Nam Nha Trang, Tỉnh Khánh Hòa, Việt Nam",12.236123,109.1791467
TGDÐ,AK1_KGI_GRI - Giồng Riềng,"Đường Hùng Vương, Khu phố 6, Xã Giồng Riềng, Tỉnh An Giang, Việt Nam",9.9093847,105.3168334
TGDÐ,AK1_LDO_DLA - 07 Hoàng Văn Thụ,"07 Hoàng Văn Thụ, Phường Xuân Hương - Đà Lạt, Tỉnh Lâm Đồng, Việt Nam",11.939584,108.425965
TGDÐ,AK1_KGI_GRI - Bến Nhứt,"Ấp Đồng Tràm, Xã Long Thạnh, Tỉnh An Giang, Việt Nam",9.8527536,105.238567
TGDÐ,AK1_NTH_PRA - 486 Thống Nhất (Hub),"486 - 488 Thống Nhất, Phường Phan Rang, Tỉnh Khánh Hòa, Việt Nam",11.5628382,108.9902615
TGDÐ,AK1_PYE_TAN - 346 Quốc Lộ 1A,"Số 346 Quốc Lộ 1A khu phố Chí Thạnh, Xã Tuy An Bắc, Tỉnh Đắk Lắk, Việt Nam",13.3067887,109.2158756
TGDÐ,AK1_STR_MTU - Huỳnh Hữu Nghĩa,"Đường Hùng Vương, Ấp Nội Ô, Xã Mỹ Tú, Thành phố Cần Thơ, Việt Nam",9.6365036,105.8097486
TGDÐ,AK1_HCM_LHA - 420 Võ Thị Sáu,"442 Võ Thị Sáu, ấp Phước Lộc, Xã Long Hải, Thành phố Hồ Chí Minh, Việt Nam",10.4076434,107.220896
TGDÐ,AK_BDU_BCA - Thới Hòa,"Đường N5, Khu TĐC Mỹ Phước 1 (Ngay Bách hóa XANH cách chợ Mỹ Phước 1-100m), Phường Thới Hòa, Thành phố Hồ Chí Minh, Việt Nam",11.126606,106.603645
TGDÐ,AK_BRV_XMO - Phước Bửu,"224/6 Khu phố Phước Hòa (Ngay Bách hóa XANH cách vòng xoay Bà Tô 150m), Xã Hồ Tràm, Thành phố Hồ Chí Minh, Việt Nam",10.533159,107.399758
TGDÐ,AK_BTR_GTR - Mỹ Thạnh,"Ấp Chợ (Ngay Bách hóa XANH cách Chợ Mỹ Lồng 100m), Xã Lương Phú, Tỉnh Vĩnh Long, Việt Nam",10.221993,106.43316
TGDÐ,AK_DNG_DRL - Kiến Đức,"Đường Quốc lộ 14 (Ngay Bách hóa XANH Chợ Kiến Đức 100m), Xã Kiến Đức, Tỉnh Lâm Đồng, Việt Nam",12.005408,107.511332
TGDÐ,AK_HCM_BTA - 52 Trần Đại Nghĩa,"52 Trần Đại Nghĩa, Khu phố 1 (Ngay Bách hóa XANH 54 Trần Đại Nghĩa), Phường Tân Tạo, Thành phố Hồ Chí Minh, Việt Nam",10.723576,106.598268
TGDÐ,AK_CTH_PDI - Phong Điền,"Trung Tâm Thương Mại Phong Điền (Ngay Bách hóa XANH Gần Cầu Tây Đô), Xã Phong Điền, Thành phố Cần Thơ, Việt Nam",9.9962421,105.6668727
TGDÐ,AK_HCM_Q12 - 60A Trần Thị Cờ,"60A Trần Thị Cờ, Phường Thới An, Thành phố Hồ Chí Minh, Việt Nam",10.8736,106.65097
TGDÐ,AK_LAN_BLU - 271 DT835 (Phước Lợi),"271 Đường DT835 (Phước Lợi), Xã Mỹ Yên, Tỉnh Tây Ninh, Việt Nam",10.6376869,106.535263
TGDÐ,AK_TVI_DHA - Đường 2/9 (Duyên Hải),"Khóm 1 (Ngay Bách hóa XANH cách chợ Duyên Hải 100m), Phường Duyên Hải, Tỉnh Vĩnh Long, Việt Nam",9.633202,106.493429
TGDÐ,AK_HCM_GVA - 18 Phan Huy Ích,"221 Phan Huy Ích, Phường An Hội Tây, Thành phố Hồ Chí Minh, Việt Nam",10.8344186,106.6347183
TGDÐ,AK1_DLA_KNA - Thị Trấn Krông Năng,"Khối V, Xã Krông Năng, Tỉnh Đắk Lắk, Việt Nam",12.951787,108.343664
TGDÐ,AK1_DLA_PYE - 07 Võ Thị Sáu,"7 Võ Thị Sáu, Phường Phú Yên, Tỉnh Đắk Lắk, Việt Nam",13.055619,109.3244597
TGDÐ,AK_KGI_KLU - Bình An,"Ấp Hòn Chông (Ngay Bách hóa XANH đối diện chợ Bình An), Xã Kiên Lương, Tỉnh An Giang, Việt Nam",10.162789,104.613959
TGDÐ,AK1_DLA_KPA - Ea Phê,"Đường QL 26, Xã Ea Phê, Tỉnh Đắk Lắk, Việt Nam",12.729594,108.366104
TGDÐ,AK1_DNA_TKH - 293 Nguyễn Phước Nguyên,"293 Nguyễn Phước Nguyên, Phường An Khê, Thành phố Đà Nẵng, Việt Nam",16.0537742,108.1839676
TGDÐ,AK1_HCM_Q07 - 7 Bùi Bằng Đoàn,"7 Bùi Bằng Đoàn, Phường Tân Hưng, Thành phố Hồ Chí Minh, Việt Nam",10.7305,106.7084965
TGDÐ,AK1_KHH_CRA - 387 Hùng Vương,"Số nhà 387 Hùng Vương, Tổ dân phố Nghĩa Cam, Phường Bắc Cam Ranh, Tỉnh Khánh Hòa, Việt Nam",11.9878674,109.192291
TGDÐ,AK1_HCM_Q01 - 14 Nguyễn Cảnh Chân,"TK26/13-14 Nguyễn Cảnh Chân, Phường Cầu Ông Lãnh, Thành phố Hồ Chí Minh, Việt Nam",10.7588489,106.6881784
TGDÐ,AK1_HCM_TDU - 66 Hiệp Bình,"66 Hiệp Bình, khu phố 8, Phường Hiệp Bình, Thành phố Hồ Chí Minh, Việt Nam",10.8405383,106.7317964
TGDÐ,AK1_TVI_CLO - Càng Long,"Khóm 1, Xã Càng Long, Tỉnh Vĩnh Long, Việt Nam",9.998268,106.2054087
TGDÐ,AK1_TVI_TCA - Tiểu Cần,"Khóm 1, Xã Tiểu Cần, Tỉnh Vĩnh Long, Việt Nam",9.812103,106.189213
TGDÐ,AK_BDU_BBA - Trừ Văn Thố,"Ấp 4 (Ngay Bách hóa XANH cách chợ mới Trừ Văn Thố 100m), Xã Bàu Bàng, Thành phố Hồ Chí Minh, Việt Nam",11.3870058,106.6079198
TGDÐ,AK_CTH_TNO - Long Thạnh A,"Đường Lê Thị Tạo, Khu vực Long Thạnh A (Ngay Bách hóa XANH cách bến phà-chợ Thốt Nốt 200m), Phường Thốt Nốt, Thành phố Cần Thơ, Việt Nam",10.272812,105.532897
TGDÐ,AK_DON_BHO - 12/13 Trảng Dài,"12/13 Trảng Dài (Ngay Bách hóa XANH chợ Quang Thắng), Phường Trảng Dài, Tỉnh Đồng Nai, Việt Nam",10.995358,106.864167
TGDÐ,AK_DON_TBO - Trảng Bom,"67 đường Hai Tháng Chín, khu phố 4, Xã Trảng Bom, Tỉnh Đồng Nai, Việt Nam",10.9475417,107.0080823
TGDÐ,AK_DON_VCU - Thửa 450 Tân Bình,"338 Tỉnh Lộ 768, Ấp Bình Phước (Ngay Bách hóa XANH-Đối diện Trạm Y Tế Xã Tân Bình), Phường Tân Triều, Tỉnh Đồng Nai, Việt Nam",10.998928,106.808177
TGDÐ,AK_HCM_BCH - Bình Hưng,"Số 2Z Đường số 10 (Ngay Bách hóa XANH Đối diện UBND Xã Bình Hưng), Xã Bình Hưng, Thành phố Hồ Chí Minh, Việt Nam",10.727108,106.654397
TGDÐ,AK_LAN_CTH - Tầm Vu,"Khu phố 1 (Ngay Bách hóa XANH cách Chợ Tầm Vu 100m), Xã Tầm Vu, Tỉnh Tây Ninh, Việt Nam",10.4464936,106.4681304
TGDÐ,AK_HCM_Q12 - 458 Dương Thị Mười,"458 Đường TTH02, Khu phố 3A, Phường Tân Thới Hiệp, Thành phố Hồ Chí Minh, Việt Nam",10.867789,106.63562
TGDÐ,AK_LAN_DHO - Mỹ Hạnh Nam,"Ấp mới 02 (Ngay Bách hóa XANH đối diện UBND Xã Mỹ Hạnh Nam), Xã Mỹ Hạnh, Tỉnh Tây Ninh, Việt Nam",10.8638077,106.4920736
TGDÐ,AK_TGI_TPH - Mỹ Phước,"Khu 1 (Ngay Bách hóa XANH đường vào chợ Tân Phước), Xã Tân Phước 1, Tỉnh Đồng Tháp, Việt Nam",10.47343,106.197195
TGDÐ,AK1_BLI_BLI - 94 Cao Văn Lầu,"Số 94, đường Cao Văn Lầu, khóm 2, Phường Bạc Liêu, Tỉnh Cà Mau, Việt Nam",9.2811072,105.7267608
TGDÐ,AK_KHH_NTR - 173 Thống Nhất,"Số 169-171-173 Đường Thống Nhất (Ngay Bách hóa XANH cạnh ngân hàng Agribank Thống Nhất), Phường Tây Nha Trang, Tỉnh Khánh Hòa, Việt Nam",12.2512063,109.1875003
TGDÐ,AK1_BTH_PTH - Phú Trinh,"Khu phố 4, Phường Phan Thiết, Tỉnh Lâm Đồng, Việt Nam",10.931975,108.101467
TGDÐ,AK1_DLA_BHO - 66 Trần Hưng Đạo,"66 Trần Hưng Đạo, tổ dân phố 06, Phường Buôn Hồ, Tỉnh Đắk Lắk, Việt Nam",12.9175725,108.2672029
TGDÐ,AK1_DNA_HCH - 98 Ông Ích Khiêm,"Số 98 Ông Ích Khiêm, Phường Hải Châu, Thành phố Đà Nẵng, Việt Nam",16.076183,108.2121277
TGDÐ,AK1_HCM_GVA - 52 Nguyễn Văn Nghi (Hub),"52 - 54 Nguyễn Văn Nghi, Phường An Nhơn, Thành phố Hồ Chí Minh, Việt Nam",10.822464,106.6884646
TGDÐ,AK1_STR_CLD - Cù Lao Dung,"Ấp Chợ, Xã An Thạnh, Thành phố Cần Thơ, Việt Nam",9.6674217,106.152772
TGDÐ,AK_TNI_TNI - Ninh An (Ninh Sơn),"Đường Bời Lời, Khu phố Ninh An (Ninh Sơn) (Ngay Bách hóa XANH Cổng Chợ Ninh Sơn), Phường Bình Minh, Tỉnh Tây Ninh, Việt Nam",11.33759,106.11572
TGDÐ,AK1_TNI_BCA - Chợ Bến Cầu,"Khu phố 1, Xã Bến Cầu, Tỉnh Tây Ninh, Việt Nam",11.108626,106.180046
TGDÐ,AK1_HCM_Q08 - 177 Âu Dương Lân,"177 Âu Dương Lân, Phường Chánh Hưng, Thành phố Hồ Chí Minh, Việt Nam",10.7451115,106.6836074
TGDÐ,AK_BDU_TUY - Ông Đông (Tân Hiệp),"Đường ĐH 409, Khu phố Ông Đông (Tân Hiệp) (Gần Bách hóa XANH Ngã tư Ông Đông), Phường Tân Hiệp, Thành phố Hồ Chí Minh, Việt Nam",11.070246,106.751817
TGDÐ,AK_BDU_DAN - Đông Hòa,"41 Hai Bà Trưng (Ngay Bách hóa XANH cách ngã 3 Gò Mã 50m), Phường Đông Hòa, Thành phố Hồ Chí Minh, Việt Nam",10.900719,106.780593
TGDÐ,AK_CTH_BTH - Nguyễn Chí Thanh,"Đường Nguyễn Chí Thanh (Ngay Bách hóa XANH cách Ngã 3 Nguyễn Chí Thanh 200m), Phường Thới An Đông, Thành phố Cần Thơ, Việt Nam",10.098062,105.71469
TGDÐ,AK_HCM_BTA - 4423 Nguyễn Cửu Phú,"4423 Nguyễn Cửu Phú (Ngay Bách hóa XANH Ngã Tư Trần Văn Giàu-Nguyễn Cửu Phú), Phường Tân Tạo, Thành phố Hồ Chí Minh, Việt Nam",10.74829,106.58495
TGDÐ,AK_BTR_BTR - Thửa 51 Phú Tân,"Đường ĐT884 (Ngay Bách hóa XANH-Vòng xoay Tân Thành), Phường Phú Tân, Tỉnh Vĩnh Long, Việt Nam",10.258965,106.3608789
TGDÐ,AK_LAN_CGI – Đông Thạnh,"(Ngay Bách hóa XANH ngã tư Đông Thạnh), Xã Tân Tập, Tỉnh Tây Ninh, Việt Nam",10.537012,106.672555
TGDÐ,AK1_BPH_DXO - 539 Quốc Lộ 14,"Số 539, đường Quốc Lộ 14, Khu phố Xuân Bình, Phường Đồng Xoài, Tỉnh Đồng Nai, Việt Nam",11.5365235,106.8972501
TGDÐ,AK1_BDI_QNH - 273 Nguyễn Huệ,"Số 273 Nguyễn Huệ, Phường Quy Nhơn, Tỉnh Gia Lai, Việt Nam",13.7669257,109.2268771
TGDÐ,AK1_BTR_BTR - 17A1 Trương Định (Bình Khởi),"17A1 Khóm Bình Khởi, Phường Sơn Đông, Tỉnh Vĩnh Long, Việt Nam",10.248319,106.355959
TGDÐ,AK1_DNA_TKH - 22 Huỳnh Ngọc Huệ,"Số 22 Huỳnh Ngọc Huệ, Phường An Khê, Thành phố Đà Nẵng, Việt Nam",16.0644127,108.1835638
TGDÐ,AK1_BPH_DXO - Thửa 419 Phú Riềng Đỏ,"Đường Phú Riềng Đỏ, Phường Bình Phước, Tỉnh Đồng Nai, Việt Nam",11.5473816,106.9030754
TGDÐ,AK1_DNA_TKH - Lý Thái Tông,"Lô 9-B15, Đường Lý Thái Tông, Phường Thanh Khê, Thành phố Đà Nẵng, Việt Nam",16.075084,108.1758646
TGDÐ,AK1_DTH_TDO - Tân Đông,"Ấp 01, Xã Tân Đông, Tỉnh Đồng Tháp, Việt Nam",10.4009066,106.7155311
TGDÐ,AK1_HCM_BTH - 131 Hoàng Hoa Thám,"131 Hoàng Hoa Thám, Phường Bình Lợi Trung, Thành phố Hồ Chí Minh, Việt Nam",10.8081254,106.6881762
TGDÐ,AK1_HCM_Q03 - 989 Hoàng Sa,"989 Hoàng Sa, Phường Nhiêu Lộc, Thành phố Hồ Chí Minh, Việt Nam",10.7870189,106.6726068
TGDÐ,AK1_LAN_KTU - 59 Hùng Vương,"Phường 1, Phường Kiến Tường, Tỉnh Tây Ninh, Việt Nam",10.7785148,105.9342436
TGDÐ,AK1_KGI_HDA - 715 Quốc Lộ 80 (Sóc Sơn),"Số 715 Đường Quốc Lộ 80, khu phố Thị Tứ, Xã Mỹ Thuận, Tỉnh An Giang, Việt Nam",10.1216073,105.0170175
TGDÐ,AK1_TVI_TVI - 76 Nguyễn Thị Minh Khai,"76 Nguyễn Thị Minh Khai, khóm 1, Phường Trà Vinh, Tỉnh Vĩnh Long, Việt Nam",9.934066,106.335661
TGDÐ,AK1_HCM_Q07 - 52 Nguyễn Đức Cảnh (Hub),"52 Nguyễn Đức Cảnh, Khu phố Mỹ Khánh 3-H11-2, Phường Tân Hưng, Thành phố Hồ Chí Minh, Việt Nam",10.727029,106.7083959
TGDÐ,AK_AGI_TTO - Tri Tôn,"Khóm 2 (Ngay Bách hóa XANH cạnh Chùa Ông Bổn), Xã Tri Tôn, Tỉnh An Giang, Việt Nam",10.41969,105.00167
TGDÐ,AK_BTH_TLI - Lạc Tánh,"Khu phố Lạc Hóa 2, Xã Tánh Linh, Tỉnh Lâm Đồng, Việt Nam",11.0817493,107.6818108
TGDÐ,AK_DNG_DGL - Quảng Sơn,"Thôn Quảng Hợp, Xã Quảng Sơn, Tỉnh Lâm Đồng, Việt Nam",12.156329,107.872839
TGDÐ,AK_DON_NTR - Phước Thiền,"376 Lý Thái Tổ, Ấp Bến Sắn (Ngay Bách hóa XANH đối diện Trạm y tế xã Phước Thiền), Xã Nhơn Trạch, Tỉnh Đồng Nai, Việt Nam",10.757785,106.92579
TGDÐ,AK_HCM_TDU - 169 Đường 154,"169 Đường số 154, Phường Tăng Nhơn Phú, Thành phố Hồ Chí Minh, Việt Nam",10.8666356,106.8098239
TGDÐ,AK_TGI_CBE - Hoà Khánh,"Ấp Khu Phố (Ngay bách hóa XANH đối diện chợ Hòa Khánh), Xã Cái Bè, Tỉnh Đồng Tháp, Việt Nam",10.3613225,105.9878862
TGDÐ,AK1_HCM_CCH - 873 Quốc Lộ 22,"873 Quốc Lộ 22, Xã Thái Mỹ, Thành phố Hồ Chí Minh, Việt Nam",11.0058118,106.4272143
TGDÐ,AK1_HCM_BTH - 300 Phan Văn Trị,"300 Phan Văn Trị, Phường Bình Lợi Trung, Thành phố Hồ Chí Minh, Việt Nam",10.8165741,106.6953381
TGDÐ,AK1_DNA_HCH - 435 Núi Thành,"435 Núi Thành, Phường Hòa Cường, Thành phố Đà Nẵng, Việt Nam",16.037472,108.222278
TGDÐ,AK1_HCM_Q06 - 249 Nguyễn Văn Luông,"249 Nguyễn Văn Luông, Phường Bình Phú, Thành phố Hồ Chí Minh, Việt Nam",10.7462116,106.6348701
TGDÐ,AK1_HCM_TDU - 369 Tô Ngọc Vân,"369 Tô Ngọc Vân, Phường Thủ Đức, Thành phố Hồ Chí Minh, Việt Nam",10.8598322,106.7468221
TGDÐ,AK1_HCM_TPH - 148 Tây Thạnh,"148 Tây Thạnh, Phường Tây Thạnh, Thành phố Hồ Chí Minh, Việt Nam",10.8128963,106.6221984
TGDÐ,AK1_KHH_CLA - 310 Trường Chinh,"301 Trường Chinh, tổ dân phố Bãi Giếng Trung, Xã Cam Lâm, Tỉnh Khánh Hòa, Việt Nam",12.0578796,109.1606277
TGDÐ,AK1_HCM_Q04 - 198R Xóm Chiếu,"198R - 198S Xóm Chiếu, Phường Khánh Hội, Thành phố Hồ Chí Minh, Việt Nam",10.756035,106.7093
TGDÐ,AK1_KGI_PQU - 71 Nguyễn Văn Cừ,"71 Nguyễn Văn Cừ, khu phố 3, Đặc khu Phú Quốc, Tỉnh An Giang, Việt Nam",10.0187837,104.0152828
TGDÐ,AK1_KHH_KSO - Lạc Long Quân,"30 Lạc Long Quân, thị trấn Tô Hạp, huyện Khánh Sơn, Tỉnh Khánh Hoà, Việt Nam",12.007517,108.948846
TGDÐ,AK1_LAN_BLU - Bến Lức,"187 Phan Văn Mãng, Xã Bến Lức, Tỉnh Tây Ninh, Việt Nam",10.626791,106.4950717
TGDÐ,AK1_VLO_THA - Tân Hào,"Ấp 1, Xã Tân Hào, Tỉnh Vĩnh Long, Việt Nam",10.139107,106.465695
TGDÐ,AK_AGI_TTO - Trần Hưng Đạo (Hub),"Khóm 3 (Ngay Bách hóa XANH Vòng xoay cây me), Xã Tri Tôn, Tỉnh An Giang, Việt Nam",10.4291727,105.0014256
TGDÐ,AK_BDU_TUY - Tân Phước Khánh,"Số 78DT746, Tổ 2 (Ngay Bách hóa XANH đối diện TGDĐ Tân Phước Khánh), Phường Tân Khánh, Thành phố Hồ Chí Minh, Việt Nam",11.004484,106.7186659
TGDÐ,AK_BDU_TUY - Thửa 317 Hội Nghĩa,"154 ĐT747 (Ngay Bách hóa XANH đối diện Chợ Hội Nghĩa), Phường Bình Cơ, Thành phố Hồ Chí Minh, Việt Nam",11.1009994,106.7665552
TGDÐ,AK_BDU_TUY - Vĩnh Tân,"Khu phố 4 (Ngay Bách hóa XANH Ngã 4 Góc Phố), Phường Vĩnh Tân, Thành phố Hồ Chí Minh, Việt Nam",11.1197969,106.7044339
TGDÐ,AK_BRV_LDI - F03 Phước Lợi (Phước Tỉnh),"Đường Hương Lộ 5, Tổ 6, Ấp Phước Lợi (Phước Tỉnh) (Ngay Bách hóa XANH Cách Chợ Phước Tỉnh 100m), Xã Long Hải, Thành phố Hồ Chí Minh, Việt Nam",10.406265,107.188681
TGDÐ,AK_BLI_HDA - Ngan Dừa,"Ấp Nội Ô (Ngay Bách hóa XANH đối diện Trụ sở Thị Trấn Ngan Dừa), Xã Hồng Dân, Tỉnh Cà Mau, Việt Nam",9.5658885,105.4490787
TGDÐ,AK_HCM_BCH - D10/25 Dân Công Hỏa Tuyến,"D10/25 Dân Công Hoả Tuyển, Ấp 4 (Ngay Bách hóa XANH Cách ngã tư Quách Điêu-Nữ Dân Công 100m), Xã Vĩnh Lộc, Thành phố Hồ Chí Minh, Việt Nam",10.831989,106.569073
TGDÐ,AK_DON_VCU - Thửa 665 Thạnh Phú,"Số 1971E Ấp 5 (Ngay Bách hóa XANH chợ tạm Changsin), Phường Tân Triều, Tỉnh Đồng Nai, Việt Nam",11.012407,106.845742
TGDÐ,AK_HCM_Q12 - 181 Đường TTN 17,"181 Tân Thới Nhất 17, Khu phố 4 (Ngay Bách hóa XANH Ngã 3 Dương Thị Giang-Tân Thới Nhất 17), Phường Đông Hưng Thuận, Thành phố Hồ Chí Minh, Việt Nam",10.823458,106.620029
TGDÐ,AK_KGI_HTI - Mạc Thiên Tích,"Đường Mạc Thiên Tích, Khu phố 1 (Ngay Bách hóa XANH cách Chợ Hà Tiên 100m), Phường Hà Tiên, Tỉnh An Giang, Việt Nam",10.380967,104.484804
TGDÐ,AK_LAN_DHO - Đức Hoà,"(Ngay Bách hóa XANH chợ Đức Hòa), Xã Đức Hòa, Tỉnh Tây Ninh, Việt Nam",10.8206244,106.4549719
TGDÐ,AK_LAN_DHO - Hậu Nghĩa,"Ô 03 Khu A (Ngay Bách hóa XANH cách Chợ Bầu Trai 300m), Xã Hậu Nghĩa, Tỉnh Tây Ninh, Việt Nam",10.8986362,106.3949709
TGDÐ,AK1_AGI_APH - An Phú,"41 Nguyễn Hữu Cảnh, Xã An Phú, Tỉnh An Giang, Việt Nam",10.8138641,105.0909306
TGDÐ,AK1_AGI_CPH - Thị Trấn Cái Dầu (Hub),"Thị trấn Cái Dầu, Xã Châu Phú, Tỉnh An Giang, Việt Nam",10.5710821,105.2414188
TGDÐ,AK_NTH_PRA - Đô Vinh,"702 Đường 21/08 (Ngay Bách hóa XANH gần Ngã tư Tháp Chàm), Phường Đô Vinh, Tỉnh Khánh Hòa, Việt Nam",11.5942375,108.9507488
TGDÐ,AK1_BRV_LDI - 150 Võ Thị Sáu,"150 Đường Võ Thị Sáu, khu phố Long Bình, Xã Long Điền, Thành phố Hồ Chí Minh, Việt Nam",10.4837269,107.210743
TGDÐ,AK1_BTR_TPH - Tân Phong,"Ấp Thạnh A, Xã Đại Điền, Tỉnh Vĩnh Long, Việt Nam",10.002839,106.447323
TGDÐ,AK1_DLA_ESU - Ea Súp,"Xã Ea Súp, Tỉnh Đắk Lắk, Việt Nam",13.0692903,107.8840467
TGDÐ,AK1_DNA_CLE - 39 Nguyễn Đình Tứ,"39 Nguyễn Đình Tứ, Phường An Khê, Thành phố Đà Nẵng, Việt Nam",16.0504417,108.1787009
TGDÐ,AK1_DLA_EKA - 65 Nguyễn Tất Thành,"Đường Nguyễn Tất Thành, Khối 3A, Xã Ea Kar, Tỉnh Đắk Lắk, Việt Nam",12.8100737,108.4486827
TGDÐ,AK1_DNA_LCH - 117 Phạm Như Xương,"117 Phạm Như Xương, Phường Hòa Khánh, Thành phố Đà Nẵng, Việt Nam",16.0641067,108.1523992
TGDÐ,AK1_DNA_CLE - Thửa 125 Hòa Phát,"Phường Hoà Phát, Phường An Khê, Thành phố Đà Nẵng, Việt Nam",16.036266,108.184235
TGDÐ,AK1_HCM_Q05 - 101 Huỳnh Mẫn Đạt,"101 Huỳnh Mẫn Đạt, Phường An Đông, Thành phố Hồ Chí Minh, Việt Nam",10.7553576,106.6763978
TGDÐ,AK1_HCM_Q06 - 187 Bình Tiên (Hub),"187 Bình Tiên, Phường Bình Tiên, Thành phố Hồ Chí Minh, Việt Nam",10.7439128,106.6429871
TGDÐ,AK1_HCM_TDU - 95 Man Thiện,"95 Man Thiện, Khu phố 5, Phường Tăng Nhơn Phú, Thành phố Hồ Chí Minh, Việt Nam",10.8476233,106.7869245
TGDÐ,AK1_KGI_RGI - 35 Quang Trung,"Số 35 Quang Trung, Phường Rạch Giá, Tỉnh An Giang, Việt Nam",10.0161373,105.0795826
TGDÐ,AK1_KHH_VNI - 162 Hùng Vương,"162 Hùng Vương, Xã Vạn Ninh, Tỉnh Khánh Hoà, Việt Nam",12.699338,109.226618
TGDÐ,AK1_QNG_TNG - Thị trấn Sông Vệ,"TDP Sông Vệ, Xã Vệ Giang, Tỉnh Quảng Ngãi, Việt Nam",15.043875,108.850297
TGDÐ,AK1_KTU_KTU - 378 Trần Hưng Đạo,"378 Trần Hưng Đạo, Phường Kon Tum, Tỉnh Quảng Ngãi, Việt Nam",14.3498623,108.0018421
TGDÐ,AK1_STR_NNA - 76 Mai Thanh Thế,"76 Mai Thanh Thế, Khóm 1, Phường Ngã Năm, Thành phố Cần Thơ, Việt Nam",9.5631331,105.5959454
TGDÐ,AK1_HCM_TPH - 20 Bờ Bao Tân Thắng,"20 Bờ Bao Tân Thắng, Phường Tân Sơn Nhì, Thành phố Hồ Chí Minh, Việt Nam",10.8066518,106.6217047
TGDÐ,AK1_VLO_LHO - Long Hồ,"Khóm 1, Xã Long Hồ, Tỉnh Vĩnh Long, Việt Nam",10.1924616,106.0114803
TGDÐ,AK1_TVI_CNG - Cầu Ngang,"Xã Cầu Ngang, Tỉnh Vĩnh Long, Việt Nam",9.796736,106.452168
TGDÐ,AK_BDU_TAN - Bình Chuẩn,"15/6 Đường DT743, Khu phố Bình Phước B (Ngay Bách hóa XANH Ngã 3 Bình Chuẩn 62-DT743), Phường An Phú, Thành phố Hồ Chí Minh, Việt Nam",10.980148,106.731709
TGDÐ,AK_BPH_DXO - Thửa 69 Lê Quý Đôn,"Đường Lê Quý Đôn (Ngay Bách hóa XANH Ngay Trường THCS Tân Xuân), Phường Bình Phước, Tỉnh Đồng Nai, Việt Nam",11.53041,106.89962
TGDÐ,AK_BRV_CDU - Nghĩa Thành,"Thôn Vinh Sơn (Ngay Bách hóa XANH Cách Chợ Nghĩa Thành 500m), Xã Nghĩa Thành, Thành phố Hồ Chí Minh, Việt Nam",10.5845443,107.2086068
TGDÐ,AK_DON_TBO - Bắc Sơn,"595 An Chu (Ngay Bách hóa XANH Kế bên toà nhà 7 lầu), Xã Bình Minh, Tỉnh Đồng Nai, Việt Nam",10.9662445,106.9502264
TGDÐ,AK_DTH_LVU - Lai Vung,"ĐT851 (Ngay Bách hóa XANH đối diện Huyện Ủy Lai Vung), Xã Lai Vung, Tỉnh Đồng Tháp, Việt Nam",10.2863936,105.6576212
TGDÐ,AK_HCM_BCH - E9/11A Thới Hòa,"Số E9/11A Thới Hòa (Cách Đình Thới Hoà 50m), Xã Vĩnh Lộc, Thành phố Hồ Chí Minh, Việt Nam",10.828797,106.585139
TGDÐ,AK_HCM_Q08 - 162 An Dương Vương,"162 An Dương Vương (Ngay Bách hóa XANH Ngã Ba Hoàng Ngân-An Dương Vương), Phường Phú Định, Thành phố Hồ Chí Minh, Việt Nam",10.7256214,106.6201404
TGDÐ,AK_KHH_NTR - Vĩnh Hải,"294 đường 2/4, Tổ 20 Tây Bắc (Ngay Bách hóa XANH cách làng trẻ em SOS 100m), Phường Bắc Nha Trang, Tỉnh Khánh Hòa, Việt Nam",12.284809,109.191733
TGDÐ,AK_NTH_PRA - Thanh Sơn,"40 Nguyễn Văn Cừ (Ngay Bách hóa XANH cách chợ Mương Cát 300m), Phường Phan Rang, Tỉnh Khánh Hòa, Việt Nam",11.578303,108.995033
TGDÐ,AK1_AGI_PTA - Thị Trấn Phú Mỹ,"Thị trấn Phú Mỹ, Xã Phú Tân, Tỉnh An Giang, Việt Nam",10.597577,105.352803
TGDÐ,AK1_CTH_VTH - Thị trấn Vĩnh Thạnh,"Ấp Qui Lân 5, Xã Vĩnh Thạnh, Thành phố Cần Thơ, Việt Nam",10.2309201,105.3961111
TGDÐ,AK1_DON_LKH - Ngô Quyền ( Bảo Vinh),"201A Ngô Quyền, Khu phố Bảo Vinh A, Phường Bảo Vinh, Tỉnh Đồng Nai, Việt Nam",10.9356169,107.2597863
TGDÐ,AK1_HCM_BTH - 124 Bùi Đình Túy,"Số 124 Bùi Đình Tuý, Phường Bình Thạnh, Thành phố Hồ Chí Minh, Việt Nam",10.808039,106.7050822
TGDÐ,AK1_KHH_DKH - Diên Khánh,"315 Lạc Long Quân, tổ Dinh Thành 2, Xã Diên Khánh, Tỉnh Khánh Hòa, Việt Nam",12.2525556,109.0976138
TGDÐ,AK1_KHH_NTR - 1A Trương Hán Siêu,"1A Trương Hán Siêu, Phường Nam Nha Trang, Tỉnh Khánh Hòa, Việt Nam",12.217073,109.189821
TGDÐ,AK1_HCM_Q07 - 361 Lê Văn Lương,"361 Lê Văn Lương, Phường Tân Hưng, Thành phố Hồ Chí Minh, Việt Nam",10.7401147,106.7036698
TGDÐ,AK1_DTH_TMU - Chợ Tháp Mười,"Khóm 4, Xã Tháp Mười, Tỉnh Đồng Tháp, Việt Nam",10.5191671,105.8439556
TGDÐ,AK1_LAN_TAN - 230 Nguyễn Đình Chiểu,"Số 230 Nguyễn Đình Chiểu, Phường Tân An, Tỉnh Tây Ninh, Việt Nam",10.5335394,106.4177216
TGDÐ,AK1_TGI_CTH - Tân Hương,"Ấp Tân Thuận, Xã Tân Hương, Tỉnh Đồng Tháp, Việt Nam",10.4755235,106.3419724
TGDÐ,AK1_VLO_MLO - Mỹ Long,"Khóm 2, Xã Mỹ Long, Tỉnh Vĩnh Long, Việt Nam",9.8100194,106.5084154
TGDÐ,AK1_TNI_DHO - Chợ Đức Hòa,"Khu vực 2, Xã Đức Hòa, Tỉnh Tây Ninh",10.8188123,106.45401
TGDÐ,AK_BTH_HTA - Tân Minh,"Khu phố 2 (Ngay Bách hóa XANH cổng Chợ Tân Minh), Xã Tân Minh, Tỉnh Lâm Đồng, Việt Nam",10.8426746,107.6331896
TGDÐ,AK_BTR_TPH - Thửa 36 Thạnh Phú,"Ấp Thạnh Trị Hạ (Ngay Bách hóa XANH - Cách bưu điện Thạnh Phú 100m), Xã Thạnh Phú, Tỉnh Vĩnh Long, Việt Nam",9.94776,106.514112
TGDÐ,AK_HCM_BCH - 3A73/3 Phạm Văn Hai,"3A73/2 Trần Văn Giàu, Ấp 3, Xã Tân Vĩnh Lộc, Thành phố Hồ Chí Minh, Việt Nam",10.789085,106.515676
TGDÐ,AK_HCM_PNH - 223 Nguyễn Trọng Tuyển,"223 Nguyễn Trọng Tuyển (Ngay Bách hóa XANH Góc Ngã 4 Nguyễn Trọng Tuyển-Đường Ray Xe Lửa), Phường Phú Nhuận, Thành phố Hồ Chí Minh, Việt Nam",10.797598,106.674779
TGDÐ,AK_HCM_Q12 - 29 Vườn Lài,"29 Vườn Lài (Ngay Bách hóa XANH chợ An Phú Đông), Phường An Phú Đông, Thành phố Hồ Chí Minh, Việt Nam",10.858684,106.692292
TGDÐ,AK_KGI_GQU - Đường 30/4,"51-53 Đường 30 tháng 4, Ấp Phước Hưng 1 (Ngay Bách hóa XANH cách trường THPT Gò Quao 100m), Xã Gò Quao, Tỉnh An Giang, Việt Nam",9.7293,105.2804
TGDÐ,AK_KGI_THI - Quốc Lộ 80 Tân Hiệp,"Lô 1 Đường Quốc lộ 80, Khu phố B (Ngay Bách hóa XANH đối diện tiệm vàng Quỳnh Như), Xã Tân Hiệp, Tỉnh An Giang, Việt Nam",10.116423,105.28447
TGDÐ,AK_KHH_DKH - 94 Lý Tự Trọng,"Số 94 Đường Lý Tự Trọng (Ngay Bách hóa XANH cách cổng Thành Cổ 50m), Xã Diên Khánh, Tỉnh Khánh Hòa, Việt Nam",12.256157,109.09603
TGDÐ,AK_STR_KSA - Kế Sách,"Ấp An Ninh 2 (Ngay Bách hóa XANH Chợ Kế Sách), Xã Kế Sách, Thành phố Cần Thơ, Việt Nam",9.768769,105.987378
TGDÐ,AK_TGI_GCO - Long Thuận,"Đường Nguyễn Huệ (Bách hóa XANH gần chợ Long Thuận), Phường Long Thuận, Tỉnh Đồng Tháp, Việt Nam",10.3624201,106.6829272
TGDÐ,AK_TNI_TNI - Thửa 165 Phường 2,"79 Võ Văn Truyện, Khu phố 2 (Ngay Bách hóa XANH cửa Chợ Tây Ninh), Phường Tân Ninh, Tỉnh Tây Ninh, Việt Nam",11.310622,106.089275
TGDÐ,AK1_BTR_BDA - 122 Đường Tỉnh 883 (Bình Đại),"122 Đường Tỉnh 883, Xã Bình Đại, Tỉnh Vĩnh Long, Việt Nam",10.1861501,106.6939982
TGDÐ,AK1_DLA_CMG - Quảng Phú,"Xã Quảng Phú, Tỉnh Đắk Lắk, Việt Nam",12.8156486,108.0752507
TGDÐ,AK1_DNA_HXU - Hòa Xuân,"308 Lê Quảng Chí, Phường Hòa Xuân, Thành phố Đà Nẵng, Việt Nam",16.0129447,108.2195997
TGDÐ,AK1_DLA_MDR - Đường Quốc Lộ 26,"115 Nguyễn Tất Thành, xã M’Drắk, Tỉnh Đắk Lắk, Việt Nam",12.7530595,108.7382378
TGDÐ,AK1_DNA_LCH - 12 Ngô Thị Nhậm,"12 Ngô Thì Nhậm, Phường Hòa Khánh, Thành phố Đà Nẵng, Việt Nam",16.0693848,108.1520932
TGDÐ,AK1_HCM_BCH - D16/41 Đoàn Nguyễn Tuấn,"D16/41 Đoàn Nguyễn Tuấn, Xã Hưng Long, Thành phố Hồ Chí Minh, Việt Nam",10.6584778,106.607274
TGDÐ,AK1_HCM_BCH - Vĩnh Lộc B,"C9/29A Ấp 3, Xã Tân Vĩnh Lộc, Thành phố Hồ Chí Minh, Việt Nam",10.7941394,106.5764278
TGDÐ,AK1_GLA_CSE - 904B Hùng Vương,"904B Hùng Vương, Xã Chư Sê, Tỉnh Gia Lai, Việt Nam",13.69233,108.077817
TGDÐ,AK1_LAN_THU - 33 Đường 3/2,"Thị Trấn Tân Hưng, Xã Tân Hưng, Tỉnh Tây Ninh, Việt Nam",10.834472,105.667308
TGDÐ,AK1_TNI_TMI -  Chợ Bàu Đồn,"Ấp 7, Xã Truông Mít, Tỉnh Tây Ninh",11.1712855,106.3127266
TGDÐ,AK1_TNI_THO - Thạnh Hóa,"Đường Nguyễn Trung Trực, Khu Phố 3, Xã Thạnh Hóa, Tỉnh Tây Ninh, Việt Nam",10.657819,106.181836
TGDÐ,AK1_DLA_KBU - Pơng Drang,"Xã Pơng Drang, Tỉnh Đắk Lắk, Việt Nam",12.9548384,108.246503
TGDÐ,AK1_STR_TTR - Phú Lộc (QL1A),"Quốc Lộ 1A, Ấp 2 (QL1A), Xã Phú Lộc, Thành phố Cần Thơ, Việt Nam",9.4307219,105.7476652
TGDÐ,AK1_LDO_DDU - Đơn Dương,"QL27, Xã Đơn Dương , Tỉnh Lâm Đồng, Việt Nam",11.7605233,108.4841824
TGDÐ,AK_CTH_NKI - An Khánh,"Khu vực 2, đường Nguyễn Văn Cừ (Ngay Bách hóa XANH cách Ngã 3 Trần Nam Phú-Nguyễn Văn Cừ 70m), Phường Tân An, Thành phố Cần Thơ, Việt Nam",10.035033,105.758036
TGDÐ,AK_CTH_NKI - Nguyễn Hiền,"Số 1 đường Nguyễn Hiền (Ngay Bách hóa XANH đầu khu dân cư 91B), Phường Tân An, Thành phố Cần Thơ, Việt Nam",10.0252,105.75832
TGDÐ,AK_HCM_BTA - 80 Bình Trị Đông,"80 Bình Trị Đông, Phường Bình Tân, Thành phố Hồ Chí Minh, Việt Nam",10.7623433,106.610153
TGDÐ,AK_KGI_KLU - Quốc Lộ 80 Kiên Lương,"Đường Quốc Lộ 80, Ấp Ngã 3 (Ngay Bách hóa XANH Cầu Vượt Hòa Điền), Xã Kiên Lương, Tỉnh An Giang, Việt Nam",10.284256,104.640131
TGDÐ,AK_TNI_GDA - Phước Đông,"Ấp Phước Đức B, Phường Gia Lộc, Tỉnh Tây Ninh, Việt Nam",11.1377915,106.3132909
TGDÐ,AK_LAN_DHO - Đức Hoà Hạ,"Ấp Bình Tiền 1 (Ngay Bách hóa XANH cách Trường THCS Tân Đức 500m), Xã Đức Hòa, Tỉnh Tây Ninh, Việt Nam",10.802603,106.4589565
TGDÐ,AK_KHH_NHO – Ninh Diêm,"Thôn Phú Thọ 2 (Ngay Bách hóa XANH Vòng xoay Chợ Ninh Diêm), Phường Đông Ninh Hòa, Tỉnh Khánh Hòa, Việt Nam",12.53787,109.216927
TGDÐ,AK1_BPH_LNI - Lộc Ninh (QL13),"Số 200 đường QL13, KP. Ninh Thịnh (QL13), Xã Lộc Ninh, Tỉnh Đồng Nai, Việt Nam",11.8476398,106.5883173
TGDÐ,AK1_CMA_CMA - 268 Nguyễn Trãi,"268 Nguyễn Trãi, Khóm 3, Phường An Xuyên, Tỉnh Cà Mau, Việt Nam",9.186504,105.1480723
TGDÐ,AK1_CTH_BTH - 563A Trần Quang Diệu,"563A Trần Quang Diệu, Phường Bình Thủy, Thành phố Cần Thơ, Việt Nam",10.058704,105.762326
TGDÐ,AK1_DNA_TKH - 129 Lý Thái Tổ,"Số 129 Lý Thái Tổ, Phường Thanh Khê, Thành phố Đà Nẵng, Việt Nam",16.0660163,108.2067844
TGDÐ,AK1_DTH_TNO - Tràm Chim (Hub),"Thị trấn Tràm Chim, Xã Tràm Chim, Tỉnh Đồng Tháp, Việt Nam",10.671417,105.5584998
TGDÐ,AK1_DON_XLO - Gia Ray,"Khu 7, Xã Xuân Lộc, Tỉnh Đồng Nai, Việt Nam",10.9270314,107.4024205
TGDÐ,AK1_HCM_TBI - 188 Thép Mới,"188 Thép Mới, Phường Bảy Hiền, Thành phố Hồ Chí Minh, Việt Nam",10.796359,106.648598
TGDÐ,AK1_HCM_TDU - 104 Lã Xuân Oai,"104 Lã Xuân Oai, Phường Tăng Nhơn Phú, Thành phố Hồ Chí Minh, Việt Nam",10.843075,106.78932
TGDÐ,AK1_KGI_HDA - Hòn Đất (QL80),"Đường Quốc Lộ 80, khu phố Tri Tôn (QL80), Xã Hòn Đất, Tỉnh An Giang, Việt Nam",10.188156,104.926533
TGDÐ,AK1_LAN_DHO - 407 Đường ĐT825,"Số 407 Tổ 3, ấp Bình Tiền 2, Xã Đức Hòa, Tỉnh Tây Ninh, Việt Nam",10.8135761,106.4720675
TGDÐ,AK1_KGI_RGI - L5-06 Mai Thị Hồng Hạnh,"Lô L5-06, Đường Mai Thị Hồng Hạnh, Phường Rạch Giá, Tỉnh An Giang, Việt Nam",9.9546594,105.1211085
TGDÐ,AK1_HCM_NDU - 456 Tỉnh Lộ 7,"456 Tỉnh Lộ 7, Ấp Trung Hoà, Xã Nhuận Đức, Thành phố Hồ Chí Minh, Việt Nam",11.0468278,106.4553528
TGDÐ,AK1_LDO_DTR - Đức Trọng,"484 Trần Phú, Xã Đức Trọng, Tỉnh Lâm Đồng, Việt Nam",11.7302093,108.3720163
TGDÐ,AK1_TGI_CBE - Cái Bè,"Số 201A Trương Công Định, Khu 2, Xã Cái Bè, Tỉnh Đồng Tháp, Việt Nam",10.3340353,106.0323683
TGDÐ,AK1_LAN_VHU - 151 Cách Mạng Tháng 8,"151 Cách Mạng Tháng Tám, Xã Vĩnh Hưng, Tỉnh Tây Ninh, Việt Nam",10.8880387,105.7870316
TGDÐ,AK1_VLO_VLO - 110B Trưng Nữ Vương,"110B Trưng Nữ Vương, Phường Long Châu, Tỉnh Vĩnh Long, Việt Nam",10.2517331,105.9726153
TGDÐ,AK1_QNG_QNG - 291 Quang Trung,"291 Quang Trung, tổ 10, Phường Cẩm Thành, Tỉnh Quảng Ngãi, Việt Nam",15.1253838,108.803066
TGDÐ,AK1_TNI_TTH - Thủ Khoa Thừa,"Đường Thủ Khoa Thừa, Ấp Cầu Xây, Xã Thủ Thừa, Tỉnh Tây Ninh, Việt Nam",10.6043734,106.4050319
TGDÐ,AK_DON_BHO - Thửa 310 An Hòa,"717 Tổ 15 Khu 5, Ấp 2 (Ngay Bách hóa XANH chợ chiều Bến Gỗ), Phường Long Hưng, Tỉnh Đồng Nai, Việt Nam",10.891763,106.863368
TGDÐ,AK_DON_NTR - Phước Lý (Đại Phước),"Tổ 45, Khu B, Ấp Phước Lý (Đại Phước) (Ngay Bách hóa XANH đối diện Chợ mới Đại Phước), Xã Đại Phước, Tỉnh Đồng Nai, Việt Nam",10.7334393,106.8201589
TGDÐ,AK_BTR_CLA - Thửa 262 Vĩnh Thành,"(Ngay Bách hóa XANH-Ngã 3 Chợ Lộ Đất), Xã Vĩnh Thành, Tỉnh Vĩnh Long, Việt Nam",10.212888,106.216174
TGDÐ,AK_KHH_NTR - 01 Phước Long,"Số 01 đường Phước Long (Ngay Bách hóa XANH bên cạnh UBND phường Phước Long), Phường Nha Trang, Tỉnh Khánh Hòa, Việt Nam",12.2113015,109.1943726
TGDÐ,AK_LDO_LHA - Tân Hà,"Thôn Liên Trung (Ngay Bách hóa XANH cách Chợ Tân Hà 150m), Xã Tân Hà Lâm Hà, Tỉnh Lâm Đồng, Việt Nam",11.747347,108.19697
TGDÐ,AK_HCM_Q12 - 30 Đường TMT13,"30 Đường TMT 13 (Ngay Bách hóa XANH Chợ Trung Mỹ Tây), Phường Trung Mỹ Tây, Thành phố Hồ Chí Minh, Việt Nam",10.857226,106.616546
TGDÐ,AK_TVI_TCU - 297 Đường 3/2 (Trà Cú),"(Ngay Bách hóa XANH cách chợ Trà Cú 100m), Xã Trà Cú, Tỉnh Vĩnh Long, Việt Nam",9.687747,106.260475
TGDÐ,AK_VLO_VLO - 64/7H Phó Cơ Điều,"Số 64/7H Phó Cơ Điều (Ngay Bách hóa XANH vòng xoay Phạm Thái Bường), Phường Phước Hậu, Tỉnh Vĩnh Long, Việt Nam",10.231675,105.98689
TGDÐ,AK_CMA_CMA - Tắc Vân,"QL1A, Ấp 3 (Ngay Bách hóa XANH cách chợ cũ Tắc Vân 100m), Phường Tân Thành, Tỉnh Cà Mau, Việt Nam",9.1684712,105.2682843
TGDÐ,AK1_BTR_BTR - 317B Đoàn Hoàng Minh (Hub),"317B Đoàn Hoàng Minh, Khu phố 2, Phường An Hội, Tỉnh Vĩnh Long, Việt Nam",10.239395,106.3675789
TGDÐ,AK1_BLI_PLO - Ấp Long Thành,"Ấp Long Thành, Xã Phước Long, Tỉnh Cà Mau, Việt Nam",9.4361339,105.4616126
TGDÐ,AK1_BTR_TPH - Giao Thạnh,"Ấp Giao Hoà B, Xã Thạnh Phong, Tỉnh Vĩnh Long, Việt Nam",9.880091,106.610695
TGDÐ,AK1_CTH_CDO - Cờ Đỏ,"Ấp Thới Thuận, Xã Cờ Đỏ, Thành phố Cần Thơ, Việt Nam",10.09384,105.429966
TGDÐ,AK1_CTH_NKI - Nguyễn Văn Linh (Hub),"311 Nguyễn Văn Linh, Phường Tân An, Thành phố Cần Thơ, Việt Nam",10.028727,105.753961
TGDÐ,AK1_DLA_KPA - Ea Yông,"18 Giải Phóng, Xã Krông Pắc, Tỉnh Đắk Lắk, Việt Nam",12.7132923,108.2901533
TGDÐ,AK1_DLA_LAK - 240 Nguyễn Tất Thành,"240 Nguyễn Tất Thành, TDP 1, Xã Liên Sơn Lắk, Tỉnh Đắk Lắk, Việt Nam",12.408305,108.173245
TGDÐ,AK1_DNA_HXU - 190 Nguyễn Phước Lan,"190 Nguyễn Phước Lan, Phường Hòa Xuân, Thành phố Đà Nẵng, Việt Nam",16.019503,108.22859
TGDÐ,AK1_DON_BHO - 12 Đặng Văn Trơn,"12 Đặng Văn Trơn, Phường Trấn Biên, Tỉnh Đồng Nai, Việt Nam",10.9346857,106.8296354
TGDÐ,AK1_DON_BHO - 167 Phan Đình Phùng (Hub),"167 Đ. Phan Đình Phùng, Trung Dũng, Phường Trấn Biên, Tỉnh Đồng Nai, Việt Nam",10.9506904,106.8180259
TGDÐ,AK1_DTH_CLA - Thửa 243 Phường 6,"716 Phạm Hữu Lầu, Phường Cao Lãnh, Tỉnh Đồng Tháp, Việt Nam",10.4279267,105.6350018
TGDÐ,AK1_DTH_THO - Sa Rài,"Khóm 1, Xã Tân Hồng, Tỉnh Đồng Tháp, Việt Nam",10.879762,105.450907
TGDÐ,AK1_HCM_BTA - 1636 Tỉnh Lộ 10,"1636 Tỉnh Lộ 10, Khu phố 2, Phường Bình Tân, Thành phố Hồ Chí Minh, Việt Nam",10.7585178,106.5800644
TGDÐ,AK1_HCM_DTI - 62 Thống Nhất,"62 Thống Nhất, Ấp Cây Vừng, Xã Dầu Tiếng, Thành phố Hồ Chí Minh, Việt Nam",11.2764273,106.3595393
TGDÐ,AK1_HCM_HMO - 135/7C ấp Tân Thới 2,"135/7C Lê Lợi, Ấp Tân Thới 2, Xã Hóc Môn, Thành phố Hồ Chí Minh, Việt Nam",10.8937844,106.5866913
TGDÐ,AK1_KHH_NTR - 03 Nguyễn Đình Chiểu,"Số 03 đường Nguyễn Đình Chiểu, Phường Bắc Nha Trang, Tỉnh Khánh Hòa, Việt Nam",12.2701678,109.1980755
TGDÐ,AK1_HCM_Q05 - 904 Trần Hưng Đạo (Hub),"904 Trần Hưng Đạo, Phường An Đông, Thành phố Hồ Chí Minh, Việt Nam",10.7535207,106.673917
TGDÐ,AK1_LDO_BLO -  144 Nguyễn Công Trứ,"144 Nguyễn Công Trứ, Phường 2 Bảo Lộc, Tỉnh Lâm Đồng, Việt Nam",11.558502,107.8059941
TGDÐ,AK1_KGI_ABI - Thị trấn Thứ Ba,"Tổ 5, Khu phố 2, Xã An Biên, Tỉnh An Giang, Việt Nam",9.8137063,105.0608145
TGDÐ,AK1_NTH_PRA - 317 Thống Nhất,"317 Thống Nhất, Phường Phan Rang, Tỉnh Khánh Hòa, Việt Nam",11.570308,108.991363
TGDÐ,AK1_TGI_GCD - Vàm Láng,"Khu phố 02, Xã Gia Thuận, Tỉnh Đồng Tháp, Việt Nam",10.411714,106.768921
TGDÐ,AK1_TGI_MTH - 43/13A-B Đinh Bộ Lĩnh,"43/13A - 43/13B Đinh Bộ Lĩnh, Phường Mỹ Tho, Tỉnh Đồng Tháp, Việt Nam",10.35425,106.3738076
