MARKER_ID,SHOP_NAME,SHOP_ADDRESS,LATITUDE,LONGITUDE
PMC,DNPMC1707_Số 126 Đường Ngũ Hành Sơn,"Số 126 Đường Ngũ Hành Sơn, Phường Mỹ An, Quận Ngũ Hành Sơn, Thành phố Đà Nẵng",16.0494879453,108.2379074577
PMC,HNPMC1653_11 Thái Phiên,"11 Thái Phiên, Phường Lê Đại Hành, Quận Hai Bà Trưng, Thành phố Hà Nội",21.0105713488,105.8510659264
PMC,HNPMC1681_330 Đường Hoàng Văn Thụ,"330 Đường Hoàng Văn Thụ, Phường Quang Trung, Thành phố Nam Định, Tỉnh Nam Định",20.4301401896,106.1739407834
PMC,SGPMC1612_35 Trần Hưng Đạo,"35 Trần Hưng Đạo, Thị trấn Ba Tri, Huyện Ba Tri, Tỉnh Bến Tre",10.0417988562,106.5937030563
PMC,SGPMC1691_67 Bình Thới,"67 Bình Thới, Phường Phú Thọ, Quận 11, Thành phố Hồ Chí Minh",10.7676126772,106.6497892339
PMC,SGPMC1695_137 Bình Long,"137 Bình Long, Phường Bình Hưng Hòa A, Quận Bình Tân, Thành phố Hồ Chí Minh",10.7797505751,106.6202511816
PMC,DNPMC1708_356 Hoàng Diệu,"356 Hoàng Diệu, Phường Bình Thuận, Quận Hải Châu, Thành phố Đà Nẵng",16.0565292022,108.2170946132
PMC,DNPMC1715_4D Đường Biệt Thự,"4D Đường Biệt Thự, Phường Lộc Thọ, Thành phố Nha Trang, Tỉnh Khánh Hòa",12.2357020939,109.1960367594
PMC,HNPMC1571_Số 27 Nguyễn Thị Minh Khai,"Số 27 Nguyễn Thị Minh Khai, Phường Lê Mao, Thành phố Vinh, Tỉnh Nghệ An",18.6713274095,105.6823382427
PMC,HNPMC1605_Tầng 2,"Tầng 2, Phường Tân Mai, Quận Hoàng Mai, Thành phố Hà Nội",20.9840686621,105.8473164292
PMC,HNPMC1690_685 Đường Hoàng Hoa Thám,"685 Đường Hoàng Hoa Thám, Phường Vĩnh Phúc, Quận Ba Đình, Thành phố Hà Nội",21.0474192053,105.807637632
PMC,SGPMC1599_296 Ngô Quyền,"296 Ngô Quyền, Phường Tân An, Thị xã La Gi, Tỉnh Bình Thuận",10.6835338667,107.7502751201
PMC,SGPMC1619_20-LK3A,"20-LK3A, Phường Thạnh Xuân, Quận 12, Thành phố Hồ Chí Minh",10.8657728767,106.6645479054
PMC,DNPMC1603_315 Nguyễn Công Phương,"315 Nguyễn Công Phương, Phường Nghĩa Lộ, Thành phố Quảng Ngãi, Tỉnh Quảng Ngãi",15.1133998,108.7942526
PMC,DNPMC1620_Ki ốt số 8 (T.01),"Ki ốt số 8 (T.01), Phường Vĩnh Phước, Thành phố Nha Trang, Tỉnh Khánh Hòa",12.2740262957,109.2019397728
PMC,DNPMC1637_120 Hồ Nghinh,"120 Hồ Nghinh, Phường An Hải Bắc, Quận Sơn Trà, Thành phố Đà Nẵng",16.0738573712,108.2430127613
PMC,HNPMC1593_Thửa đất số 136,"Thửa đất số 136, Phường Vĩnh Hưng, Quận Hoàng Mai, Thành phố Hà Nội",20.9843207665,105.873720684
PMC,HNPMC1635_559 Kim Ngưu,"559 Kim Ngưu, Phường Vĩnh Tuy, Quận Hai Bà Trưng, Thành phố Hà Nội",20.9987059657,105.8620923351
PMC,HNPMC1682_B6-01-05,"B6-01-05, Phường Cổ Nhuế 1, Quận Bắc Từ Liêm, Thành phố Hà Nội",21.0523911351,105.7803199154
PMC,SGPMC1611_561 Đường QL14,"561 Đường QL14, Phường Tân Bình, Thị xã Đồng Xoài, Tỉnh Bình Phước",11.5362295329,106.8964663185
PMC,SGPMC1644_1.07,"1.07, Phường Long Thạnh Mỹ, Quận 9, Thành phố Hồ Chí Minh",10.8386718482,106.8347493467
PMC,SGPMC1668_Lô B01-02 Lâm Quang Ky,"Lô B01-02 Lâm Quang Ky, Phường An Hòa, Thành phố Rạch Giá, Tỉnh Kiên Giang",9.9771919,105.0989597
PMC,DNPMC1579_387 Kinh Dương Vương,"387 Kinh Dương Vương, Phường Hòa Minh, Quận Liên Chiểu, Thành phố Đà Nẵng",16.0799862,108.1616529
PMC,DNPMC1596_314 Nguyễn Tất Thành,"314 Nguyễn Tất Thành, Phường Phù Đổng, Thành phố Pleiku, Tỉnh Gia Lai",13.9716607275,108.0151550159
PMC,DNPMC1669_Số 122 Đường Trần Hưng Đạo,"Số 122 Đường Trần Hưng Đạo, Phường Chánh Lộ, Thành phố Quảng Ngãi, Tỉnh Quảng Ngãi",15.1191135196,108.8022583111
PMC,HNPMC1580_Số 157,"Số 157, Phường Hưng Dũng, Thành phố Vinh, Tỉnh Nghệ An",18.68432,105.698982
PMC,SGPMC1655_240/35F Nguyễn Văn Luông,"240/35F Nguyễn Văn Luông, Phường 11, Quận 6, Thành phố Hồ Chí Minh",10.7458569281,106.6369805095
PMC,SGPMC1665_C18,"C18, Phường Hoà Phú, Thành phố Thủ Dầu Một, Tỉnh Bình Dương",11.0465862,106.6784788
PMC,HNPMC1613_BT10-VT12 Khu nhà ở Xa La,"BT10-VT12 Khu nhà ở Xa La, Phường Phúc La, Quận Hà Đông, Thành phố Hà Nội",20.9618079895,105.7951746696
PMC,HNPMC1651_Số 54 Phố Xốm,"Số 54 Phố Xốm, Phường Phú Lãm, Quận Hà Đông, Thành phố Hà Nội",20.9458179924,105.7568817112
PMC,SGPMC1602_Số nhà 229 Khu phố 5,"Số nhà 229 Khu phố 5, Phường Long Phước, Thị xã Phước Long, Tỉnh Bình Phước",11.815951718,106.9550597424
PMC,SGPMC1625_447A/23,"447A/23, Phường Bình Khánh, Thành phố Long Xuyên, Tỉnh An Giang",10.3927629,105.4271963
PMC,SGPMC1630_70 Cây Keo,"70 Cây Keo, Phường Hiệp Tân, Quận Tân Phú, Thành phố Hồ Chí Minh",10.7715118412,106.6294498624
PMC,SGPMC1638_110 Nguyễn An Ninh,"110 Nguyễn An Ninh, Phường 7, Thành phố Vũng Tàu, Tỉnh Bà Rịa - Vũng Tàu",10.370124383,107.080160418
PMC,SGPMC1646_1.01,"1.01, Phường Long Bình, Quận 9, Thành phố Hồ Chí Minh",10.845071951,106.8367531131
PMC,DNPMC1606_26C Cao Bá Quát,"26C Cao Bá Quát, Phường Phước Tân, Thành phố Nha Trang, Tỉnh Khánh Hòa",12.2421601,109.1826605
PMC,HNPMC1600_15BT.14 Khu Đô Thị Mới Bắc Đại Kim mở rộng,"15BT.14 Khu Đô Thị Mới Bắc Đại Kim mở rộng, Phường Định Công, Quận Hoàng Mai, Thành phố Hà Nội",20.9788273226,105.8360213804
PMC,HNPMC1667_Số 94 Đường Đình Đoài,"Số 94 Đường Đình Đoài, , Quận Đồ Sơn, Thành phố Hải Phòng",20.7155921551,106.7870180225
PMC,HNPMC1657_Số 42 Phố Nhổn,"Số 42 Phố Nhổn, Phường Tây Tựu, Quận Bắc Từ Liêm, Thành phố Hà Nội",21.0550456433,105.7317028021
PMC,SGPMC1578_37 Nguyễn Tất Thành,"37 Nguyễn Tất Thành, Phường Long Phước, Thị xã Phước Long, Tỉnh Bình Phước",11.8128724164,106.9542033692
PMC,SGPMC1624_173 Lê Hồng Phong,"173 Lê Hồng Phong, Phường Phú Trinh, Thành phố Phan Thiết, Tỉnh Bình Thuận",10.9362510452,108.1035940402
PMC,SGPMC1647_06 Đường 3 tháng 2,"06 Đường 3 tháng 2, Phường 1, Thành phố Đà Lạt, Tỉnh Lâm Đồng",11.9428477809,108.4355482646
PMC,SGPMC1698_187 Tên Lửa,"187 Tên Lửa, Phường Bình Trị Đông B, Quận Bình Tân, Thành phố Hồ Chí Minh",10.7481253342,106.6118706577
PMC,DNPMC1697_1-12-Ct1 Đường 19 Tháng 5,"1-12-Ct1 Đường 19 Tháng 5, Xã Vĩnh Hiệp, Thành phố Nha Trang, Tỉnh Khánh Hòa",12.2557590986,109.1699096916
PMC,DNPMC1699_Số 371 Đường Quang Trung,"Số 371 Đường Quang Trung, Phường Nguyễn Nghiêm, Thành phố Quảng Ngãi, Tỉnh Quảng Ngãi",15.1232477479,108.8036354248
PMC,DNPMC1581_68D Phương Sài,"68D Phương Sài, Phường Phương Sài, Thành phố Nha Trang, Tỉnh Khánh Hòa",12.2518613351,109.1835667215
PMC,SGPMC1587_1.02,"1.02, Phường Long Bình, Quận 9, Thành phố Hồ Chí Minh",10.8426280466,106.8373317415
PMC,SGPMC1617_1.02 T1,"1.02 T1, Phường Long Bình, Quận 9, Thành phố Hồ Chí Minh",10.844183,106.836296
PMC,SGPMC1621_CH số 31 Đường Nội khu,"CH số 31 Đường Nội khu, Phường Tân Phú, Quận 7, Thành phố Hồ Chí Minh",10.7239028879,106.7279109328
PMC,SGPMC1622_25 Nguyễn Huệ,"25 Nguyễn Huệ, Phường 2, Thị xã Gò Công, Tỉnh Tiền Giang",10.3601911711,106.6785428554
PMC,SGPMC1672_SH-13 KCH TMDV Trước Sông,"SH-13 KCH TMDV Trước Sông, Phường Thạnh Mỹ Lợi, Quận 2, Thành phố Hồ Chí Minh",10.776914,106.751582
PMC,SGPMC1704_106 Hoàng Hoa Thám,"106 Hoàng Hoa Thám, Phường 13, Quận Tân Bình, Thành phố Hồ Chí Minh",10.7996271,106.6472485
PMC,DNPMC1594_81 Hoàng Văn Thụ,"81 Hoàng Văn Thụ, Phường Quang Trung, Thành phố Quy Nhơn, Tỉnh Bình Định",13.7610676935,109.2079646642
PMC,DNPMC1694_59 Nguyễn Thị Minh Khai,"59 Nguyễn Thị Minh Khai, Phường Tân Tiến, Thành phố Nha Trang, Tỉnh Khánh Hòa",12.2381545208,109.191691287
PMC,HNPMC1654_Số 193 Phạm Vấn,"Số 193 Phạm Vấn, Phường Đông Vệ, Thành phố Thanh Hóa, Tỉnh Thanh Hóa",19.7957116,105.7826722
PMC,SGPMC1683_444 Lý Thường Kiệt,"444 Lý Thường Kiệt, Phường 07, Quận Tân Bình, Thành phố Hồ Chí Minh",10.785589,106.6540102
PMC,HNPMC1592_Số 176 Nguyễn Huy Tưởng,"Số 176 Nguyễn Huy Tưởng, Phường Thanh Xuân Trung, Quận Thanh Xuân, Thành phố Hà Nội",20.9972956051,105.8036541206
PMC,HNPMC1616_Căn 0101-CT2B & 0102-CT2B,"Căn 0101-CT2B & 0102-CT2B, Phường Thượng Thanh, Quận Long Biên, Thành phố Hà Nội",21.056659962,105.8844914209
PMC,HNPMC1680_133 Đường Tô Hiệu,"133 Đường Tô Hiệu, Phường Hà Cầu, Quận Hà Đông, Thành phố Hà Nội",20.9660900214,105.7768115535
PMC,HNPMC1679_Số 78 Đường Hà Huy Tập,"Số 78 Đường Hà Huy Tập, Phường Hà Huy Tập, Thành phố Vinh, Tỉnh Nghệ An",18.6903394427,105.6795216498
PMC,HNPMC1649_Số 215 Phố Xốm,"Số 215 Phố Xốm, Phường Phú Lương, Quận Hà Đông, Thành phố Hà Nội",20.9421998456,105.7569008685
PMC,SGPMC1604_726 Võ Thị Sáu,"726 Võ Thị Sáu, Thị trấn Long Hải, Huyện Long Điền, Tỉnh Bà Rịa - Vũng Tàu",10.3957569612,107.2295970518
PMC,SGPMC1634_1867 Huỳnh Tấn Phát,"1867 Huỳnh Tấn Phát, Thị trấn Nhà Bè, Huyện Nhà Bè, Thành phố Hồ Chí Minh",10.6997935025,106.7384325432
PMC,SGPMC1671_147 Đường 2 Tháng 9,"147 Đường 2 Tháng 9, Phường 8, Thành phố Vũng Tàu, Tỉnh Bà Rịa - Vũng Tàu",10.3587998106,107.0904118549
PMC,SGPMC1689_270 Lý Thái Tổ,"270 Lý Thái Tổ, Phường 1, Quận 3, Thành phố Hồ Chí Minh",10.7672448487,106.6763783059
PMC,DNPMC1633_30 Lê Văn Thứ,"30 Lê Văn Thứ, Phường Mân Thái, Quận Sơn Trà, Thành phố Đà Nẵng",16.0852013366,108.2426329144
PMC,HNPMC1677_Số 19 Lạc Trung,"Số 19 Lạc Trung, Phường Vĩnh Tuy, Quận Hai Bà Trưng, Thành phố Hà Nội",21.0029614962,105.8622697707
PMC,SGPMC1631_1191 CMT8,"1191 CMT8, Phường Hiệp Ninh, Thành phố Tây Ninh, Tỉnh Tây Ninh",11.3050769304,106.1292938417
PMC,SGPMC1590_46 Trần Hưng Đạo,"46 Trần Hưng Đạo, Phường Phước Hội, Thị xã La Gi, Tỉnh Bình Thuận",10.6588565216,107.7742739574
PMC,SGPMC1632_CH S1.0.04,"CH S1.0.04, Phường Sơn Kỳ, Quận Tân Phú, Thành phố Hồ Chí Minh",10.8038378516,106.6170420299
PMC,SGPMC1639_1046 Cách Mạng Tháng Tám,"1046 Cách Mạng Tháng Tám, Phường 4, Thành phố Tây Ninh, Tỉnh Tây Ninh",11.3063994538,106.1258014825
PMC,SGPMC1678_664 Đường Ba Tháng Hai,"664 Đường Ba Tháng Hai, Phường 14, Quận 10, Thành phố Hồ Chí Minh",10.7647497777,106.6614483783
PMC,DNPMC1585_154 Hùng Vương,"154 Hùng Vương, Phường Lộc Thọ, Thành phố Nha Trang, Tỉnh Khánh Hòa",12.2347732927,109.1958870763
PMC,DNPMC1608_76 Lê Văn Hiến,"76 Lê Văn Hiến, Phường Khuê Mỹ, Quận Ngũ Hành Sơn, Thành phố Đà Nẵng",16.0348758102,108.2445570455
PMC,HNPMC1597_1S16,"1S16, Phường Mễ Trì, Quận Nam Từ Liêm, Thành phố Hà Nội",21.011420015,105.7852799322
PMC,HNPMC1623_Ki ốt số 10 và số 12,"Ki ốt số 10 và số 12, Xã Cự Khê, Huyện Thanh Oai, Thành phố Hà Nội",20.9311592116,105.7839561772
PMC,HNPMC1607_KNP Sol Forest TT-PT3B,"KNP Sol Forest TT-PT3B, Xã Xuân Quan, Huyện Văn Giang, Tỉnh Hưng Yên",20.9612264453,105.9206195374
PMC,SGPMC1626_CH A0.04,"CH A0.04, Phường Cát Lái, Quận 2, Thành phố Hồ Chí Minh",10.7707156103,106.7875615771
PMC,SGPMC1645_818 Hậu Giang,"818 Hậu Giang, Phường 12, Quận 6, Thành phố Hồ Chí Minh",10.7468949349,106.6303618146
PMC,SGPMC1659_30A1/A11,"30A1/A11, Phường An Phú, Thị xã Thuận An, Tỉnh Bình Dương",10.9370973101,106.7446450611
PMC,SGPMC1661_403 Hùng Vương,"403 Hùng Vương, Phường An Bình, Thị Xã Buôn Hồ, Tỉnh Đắk Lắk",12.918935231,108.2647832614
PMC,VTBHUB513_2A Đinh Tiên Hoàng,"2A Đinh Tiên Hoàng, Phường Lộc Thọ, Thành phố Nha Trang, Tỉnh Khánh Hòa",12.2477743,109.1921206
PMC,HNPMC1595_1A phố Quốc Tử Giám,"1A phố Quốc Tử Giám, Phường Văn Chương, Quận Đống Đa, Thành phố Hà Nội",21.0259986183,105.8380629704
PMC,HNPMC1673_TT01A-4,"TT01A-4, Phường Mộ Lao, Quận Hà Đông, Thành phố Hà Nội",20.987134094,105.7851956768
PMC,HNPMC1684_11 Đường Văn Cao,"11 Đường Văn Cao, Phường Năng Tĩnh, Thành phố Nam Định, Tỉnh Nam Định",20.4201723039,106.1680985265
PMC,HNPMC1629_39 Vạn Phúc,"39 Vạn Phúc, Phường Vạn Phúc, Quận Hà Đông, Thành phố Hà Nội",20.9780155067,105.7750640447
PMC,HNPMC1686_231 Đường Trần Huy Liệu,"231 Đường Trần Huy Liệu, Phường Văn Miếu, Thành phố Nam Định, Tỉnh Nam Định",20.4180107273,106.1613351866
PMC,HNPMC1713_Số 47 Phố Núi Trúc,"Số 47 Phố Núi Trúc, Phường Giảng Võ, Quận Ba Đình, Thành phố Hà Nội",21.030233,105.822205
PMC,SGPMC1598_0.05 Lầu Trệt (Thông tầng) Block A1 Chung cư Westgate,"0.05 Lầu Trệt (Thông tầng) Block A1 Chung cư Westgate, Thị trấn Tân Túc, Huyện Bình Chánh, Thành phố Hồ Chí Minh",10.6902623709,106.5865436802
PMC,SGPMC1618_CH số GB.01.08,"CH số GB.01.08, Phường Nguyễn An Ninh, Thành phố Vũng Tàu, Tỉnh Bà Rịa - Vũng Tàu",10.3760340726,107.1127987753
PMC,SGPMC1676_Căn TM Số 1.01,"Căn TM Số 1.01, Phường Phú Thuận, Quận 7, Thành phố Hồ Chí Minh",10.7158332158,106.7406954072
PMC,SGPMC1663_77 Trần Đại Nghĩa,"77 Trần Đại Nghĩa, Phường 4, Thành phố Vĩnh Long, Tỉnh Vĩnh Long",10.2464116278,105.9791787649
PMC,SGPMC1701_1072 1074 Cmt8,"1072 1074 Cmt8, Phường 4, Quận Tân Bình, Thành phố Hồ Chí Minh",10.7911064041,106.6570341423
PMC,VTBHUB140_51 Đường số 4 nối dài,"51 Đường số 4 nối dài, Phường An Lạc, Quận Bình Tân, Thành phố Hồ Chí Minh",10.7206976,106.6167442
PMC,DNPMC1582_164 Nguyễn Thái Học,"164 Nguyễn Thái Học, Phường Ngô Mây, Thành phố Quy Nhơn, Tỉnh Bình Định",13.7721179686,109.2193457574
PMC,HNPMC1652_Số 24 Lê Lợi,"Số 24 Lê Lợi, Phường Gia Viên, Quận Ngô Quyền, Thành phố Hải Phòng",20.8602468876,106.6939293567
PMC,HNPMC1609_Căn số TT1-28,"Căn số TT1-28, Xã Tứ Hiệp, Huyện Thanh Trì, Thành phố Hà Nội",20.94131,105.8494
PMC,HNPMC1642_37 Phan Bội Châu,"37 Phan Bội Châu, Phường Quán Bàu, Thành phố Vinh, Tỉnh Nghệ An",18.6870767796,105.670702949
PMC,SGPMC1614_F229,"F229, Phường Thống Nhất, Thành phố Biên Hòa, Tỉnh Đồng Nai",10.9474003002,106.8288740751
PMC,SGPMC1675_15 Bis khu phố Bình Hòa,"15 Bis khu phố Bình Hòa, Phường Lái Thiêu, Thị xã Thuận An, Tỉnh Bình Dương",10.9155581193,106.70825229
PMC,HNPMC1700_Hd09- 20 KCT-Ccko 2-Dự Án Khu Đô Thị Gia,"Hd09- 20 KCT-Ccko 2-Dự Án Khu Đô Thị Gia, Thị Trấn Trâu Quỳ, Huyện Gia Lâm, Thành phố Hà Nội",21.0013778484,105.9423065603
PMC,DNPMC1583_06 Ngô Mây,"06 Ngô Mây, Phường Ngô Mây, Thành phố Quy Nhơn, Tỉnh Bình Định",13.761332953,109.2206017066
PMC,HNPMC1641_189 Nguyễn Trãi,"189 Nguyễn Trãi, Phường Tân Sơn, Thành phố Thanh Hóa, Tỉnh Thanh Hóa",19.8038306218,105.7698233731
PMC,HNPMC1643_89 Hàng Kênh,"89 Hàng Kênh, Phường Trại Cau, Quận Lê Chân, Thành phố Hải Phòng",20.8501664317,106.6853846014
PMC,HNPMC1687_Số 9-Villa D The Manor,"Số 9-Villa D The Manor, Phường Mỹ Đình 1, Quận Nam Từ Liêm, Thành phố Hà Nội",21.0144770872,105.776054808
PMC,HNPMC1688_Số 32 Đường Ngô Thì Nhậm,"Số 32 Đường Ngô Thì Nhậm, Phường Hà Cầu, Quận Hà Đông, Thành phố Hà Nội",20.9690834945,105.7687388819
PMC,SGPMC1591_Số 50 Thành Thái,"Số 50 Thành Thái, Phường Bình Khánh, Thành phố Long Xuyên, Tỉnh An Giang",10.391144855,105.4226715771
PMC,SGPMC1636_320/13 Tôn Thất Thuyết,"320/13 Tôn Thất Thuyết, Phường 01, Quận 4, Thành phố Hồ Chí Minh",10.7545649689,106.6916078682
PMC,SGPMC1693_41c Phan Huy Ích,"41c Phan Huy Ích, Phường 15, Quận Tân Bình, Thành phố Hồ Chí Minh",10.825556,106.6307133
PMC,DNPMC1577_42 Nguyễn Đình Tứ,"42 Nguyễn Đình Tứ, Phường Hòa An, Quận Cẩm Lệ, Thành phố Đà Nẵng",16.0504896323,108.1785259408
PMC,DNPMC1584_115 Hoàng Văn Thái,"115 Hoàng Văn Thái, Phường Hòa Khánh Nam, Quận Liên Chiểu, Thành phố Đà Nẵng",16.0534428694,108.1565013458
PMC,DNPMC1586_245 Lê Duẩn,"245 Lê Duẩn, Phường Phù Đổng, Thành phố Pleiku, Tỉnh Gia Lai",13.9707362902,108.0250372552
PMC,HNPMC1601_Ki ốt số 12,"Ki ốt số 12, Phường Đại Kim, Quận Hoàng Mai, Thành phố Hà Nội",20.9729019,105.8192722
PMC,HNPMC1670_Số 371 Văn Cao,"Số 371 Văn Cao, Phường Đằng Lâm, Quận Hải An, Thành phố Hải Phòng",20.8300352,106.7032238
PMC,SGPMC1588_121 Hoàng Hoa Thám,"121 Hoàng Hoa Thám, Phường 13, Quận Tân Bình, Thành phố Hồ Chí Minh",10.8024869239,106.6476116299
PMC,SGPMC1650_Số D.1.04,"Số D.1.04, Xã Phước Kiển, Huyện Nhà Bè, Thành phố Hồ Chí Minh",10.7226712362,106.7042705462
PMC,SGPMC1656_358 Lũy Bán Bích,"358 Lũy Bán Bích, Phường Hòa Thạnh, Quận Tân Phú, Thành phố Hồ Chí Minh",10.7756218771,106.6335403476
PMC,SGPMC1610_Shop 10 Số nhà C01.01 Cao ốc TM và CC Âu Cơ,"Shop 10 Số nhà C01.01 Cao ốc TM và CC Âu Cơ, Phường Tân Thành, Quận Tân Phú, Thành phố Hồ Chí Minh",10.7892920076,106.6397891916
PMC,SGPMC1674_70 Bến Vân Đồn,"70 Bến Vân Đồn, Phường 13, Quận 4, Thành phố Hồ Chí Minh",10.7651879488,106.7017678545
PMC,SGPMC1666_257 Nguyễn Trung Trực,"257 Nguyễn Trung Trực, Phường Vĩnh Bảo, Thành phố Rạch Giá, Tỉnh Kiên Giang",10.0005273,105.0898117
PMC,HNPMC1716_24T1-Hh1b-Cc6 KDVTH Và NO Hồ Linh Đàm Phường Hoàng Liệt,"24T1-Hh1b-Cc6 KDVTH Và NO Hồ Linh Đàm Phường Hoàng Liệt, Phường Hoàng Liệt, Quận Hoàng Mai, Thành phố Hà Nội",20.964594,105.826059
PMC,DNPMC1658_551 Đường Trần Hưng Đạo,"551 Đường Trần Hưng Đạo, Phường Lê Hồng Phong, Thành phố Quy Nhơn, Tỉnh Bình Định",13.7792241699,109.2253813147
PMC,HNPMC1640_256 Hải Thượng Lãn Ông,"256 Hải Thượng Lãn Ông, Phường Đông Vệ, Thành phố Thanh Hóa, Tỉnh Thanh Hóa",19.7770640577,105.7714895314
PMC,HNPMC1662_Số 341 Lê Hoàn,"Số 341 Lê Hoàn, Phường Ba Đình, Thành phố Thanh Hóa, Tỉnh Thanh Hóa",19.8017289,105.7792833
PMC,HNPMC1664_Số 189 Hoàng Hoa Thám,"Số 189 Hoàng Hoa Thám, Phường Liễu Giai, Quận Ba Đình, Thành phố Hà Nội",21.0419172022,105.8207319097
PMC,HNPMC1706_Số 81 Phố Thái Thịnh,"Số 81 Phố Thái Thịnh, Phường Trung Liệt, Quận Đống Đa, Thành phố Hà Nội",21.0105148303,105.8184862681
PMC,HNPMC1703_Lk16 1 KTDC Ngô Thì Nhậm,"Lk16 1 KTDC Ngô Thì Nhậm, Phường La Khê, Quận Hà Đông, Thành phố Hà Nội",20.9661904427,105.7657427865
PMC,SGPMC1589_48D,"48D, Phường 7, Thành phố Bến Tre, Tỉnh Bến Tre",10.2312292,106.3600974
PMC,SGPMC1615_188B-188B1 Đoàn Hoàng Minh,"188B-188B1 Đoàn Hoàng Minh, Phường 5, Thành phố Bến Tre, Tỉnh Bến Tre",10.2369665651,106.3690889377
PMC,SGPMC1648_566 Lê Đức Thọ,"566 Lê Đức Thọ, Phường 17, Quận Gò Vấp, Thành phố Hồ Chí Minh",10.8440496396,106.6737310104
