MARKER_ID,SHOP_NAME,SHOP_ADDRESS,LATITUDE,LONGITUDE
TS,Trung Sơn 113,"Số 12, Đường CMT8, Phường Cái Khế, Quận Ninh Kiều, Tp. Cần Thơ",10.0521839,105.7734508
TS,Trung Sơn 127,"C50-C51, Thị Trấn Ngã Sáu, Huyện Châu Thành, Tỉnh Hậu Giang",9.9214634,105.8083217
TS,Trung Sơn 141,"Số 164-166 đường Phan Văn Năm, Khóm 1, phường Cái Vồn, TX. Bình Minh, Tỉnh Vĩnh Long",10.0674498,105.8215894
TS,Trung Sơn 103,"39 Nguyễn Công Trứ, khu vực 4, phường 1, TP Vị Thanh, tỉnh Hậu Giang",9.7780019,105.4657453
TS,Trung Sơn 196,"Số 136, Chợ Nhu Gia, Ấp khu 01, Xã Thạnh Phú, Huyện Mỹ Xuyên, Tỉnh Sóc Trăng",9.499624048275868,105.84669184901504
TS,Trung Sơn 180,"0553, Quốc lộ 54,  Ấp Tân Lộc, Xã Tân Lược, Huyện Bình Tân,Tỉnh Vĩnh Long",10.14068725713782,105.71682357589698
TS,Trung Sơn 220,"642 Đường Nguyễn Văn Thoại Tổ 12 Khóm 7, Phường Châu Phú A, TP. Châu Đốc, An Giang",10.70281839599376,105.10690165653362
TS,Trung Sơn 259,"18C10, Đại lộ Đồng Khởi, Khu Phố 6, P. Phú Khương, Tỉnh Vĩnh Long",10.248418419013706,106.37336672029151
TS,Trung Sơn 56,"Số 438 (Số 276 cũ) Đường 30/4, Phường Tân An, TP. Cần Thơ",10.020996587780266,105.76673709046025
TS,Trung Sơn 7,"379 Tổ 9, KV6, đường Nguyễn Văn Cừ nối dài, P. An Bình, Ninh Kiều, Cần Thơ",10.0173207,105.7379396
TS,Trung Sơn 10,"36/50 Trần Việt Châu, P.An Hoà, Ninh Kiều, Cần Thơ",10.0492177,105.7738873
TS,Trung Sơn 109,"Số 06A Khu 3, Thị Trấn Trà Ôn, Huyện Trà Ôn, Tỉnh Vĩnh Long",9.9634537,105.9253671
TS,Trung Sơn 165,"38 Nguyễn Văn Phối, TT Thường Thới Tiền, Huyện Hồng Ngự, Tỉnh Đồng Tháp",10.811752642275456,105.2447590889579
TS,Trung Sơn 162,"Quốc lộ 80 , Xã Vĩnh Thạnh, Huyện Lấp Vò , Tỉnh Đồng Tháp",10.3371513,105.6128478
TS,Trung Sơn 179,"Số 937B Hưng Lợi, Thạnh Trị, Tỉnh Sóc Trăng",9.419832367160303,105.69091450272941
TS,Trung Sơn 18,"171A/7 Nguyễn Văn Cừ nối dài, KV1, Ninh Kiều, Cần Thơ",10.0384099,105.7596037
TS,Trung Sơn 233,"Số 99 Ấp Bình Thuỷ, Xã Hoà Khánh Đông, Huyện Đức Hoà, Tỉnh Long An",10.8417023,106.4188136
TS,Trung Sơn 209,"Số 10, Ấp Phước Lợi, Xã Phú Tân, Huyện Châu Thành, Tỉnh Sóc Trăng",9.687199268770827,105.9597915466034
TS,Trung Sơn 215,"ĐT978, ấp Tam Hưng, xã Vĩnh Hưng, Huyện Vĩnh Lợi, tỉnh Bạc Liêu",9.391061403592287,105.5969200073091
TS,Trung Sơn 52,"Số 194 đường Phan Đình Phùng, P. Tân An, Q. Ninh Kiều, TP. Cần Thơ",10.0272087,105.786011
TS,Trung Sơn 74,"Số 145, đường Tôn Đức Thắng, phường 1, TP. Cao Lãnh, tỉnh Đồng Tháp",10.4659706,105.6352295
TS,Trung Sơn 63,"14D Gia Long, khu 1, TT Trà Ôn, H. Trà Ôn, tỉnh Vĩnh Long",9.9661649,105.9210095
TS,Trung Sơn 75,"190 Nguyễn An Ninh, phường Tân An, quận Ninh Kiều, Tp Cần Thơ",10.0318062,105.7826006
TS,Trung Sơn 253,"Tổ 18, Quốc Lộ 941, Huyện Châu Thành, Tỉnh An Giang.",10.4571704290988,105.29395011586914
TS,Trung Sơn 88,"Số 268-269 quốc lộ 54, ấp Vĩnh Trinh, xã Vĩnh Xuân, huyện Trà Ôn, tỉnh Vĩnh Long",9.9508765,106.0075156
TS,Trung Sơn 93,"Số 109A, Xô Viết Nghệ Tĩnh, phường An Cư, quận Ninh Kiều, TP Cần Thơ",10.0404869,105.7818962
TS,Trung Sơn 134,"Ấp 1, Thị Trấn Phú Lộc, Huyện Thạnh Trị, Tỉnh Sóc Trăng",9.429496,105.7437858
TS,Trung Sơn 153,"294 kv II Ấp An Ninh 2, Thị Trấn An Lạc Thôn, H. Kế Sách, Tỉnh Sóc Trăng",9.928135734180461,105.89398254445139
TS,Trung Sơn 163,"02 Nguyễn Văn Voi, TT Cái Tàu Hạ, Huyện Châu Thành, Tỉnh Đồng Tháp",10.2586162,105.869964
TS,Trung Sơn 198,"Số 164, Đường Nam Kỳ khởi Nghĩa, Khóm 2, T.T Vũng Liêm, Vũng Liêm, Tỉnh Vĩnh Long",10.097355962974143,106.18259757122183
TS,Trung Sơn 22,"39/30 Phan Cự Lượng, Khóm Mỹ Quới, P. Mỹ Quý, TP. Long Xuyên, An Giang",10.3667424,105.4485279
TS,Trung Sơn 34,"268 Ấp An Trạch, An Ninh, Châu Thành, Sóc Trăng",9.65148935030013,105.93825949585306
TS,Trung Sơn 62,"Số 02 đường Nguyễn Hiền, KDC 91B, Q. Ninh Kiều, TP. Cần Thơ",10.023822,105.7570003
TS,Trung Sơn 78,"Ấp Qui Lân 5, Xã Thạnh Quới, TP. Cần Thơ",10.212054763539916,105.36822865132692
TS,Trung Sơn 51,"Số 28, Ấp Thới Thuận A, Thị Trấn Thới Lai, Huyện Thới Lai, TP. Cần Thơ",10.065448,105.5600196
TS,Trung Sơn 159,"Lô số A9-6 Khu thương mại Bảy Ngàn, Ấp Thị Tứ, Thị trấn Bảy Ngàn, Huyện Châu Thành A, Tỉnh Hậu Giang",9.8848198,105.5827363
TS,Trung Sơn 248,"Ấp Bà Điều, Xã Lý Văn Lâm, TP.Cà Mau, Tỉnh Cà Mau",9.158008458513814,105.1400519465576
TS,Trung Sơn 232,"Chợ Chi Lăng, Số 21, Tổ 6, Khóm 1, Phường Chi Lăng, Thị Xã Tịnh Biên, An Giang",10.531031926352338,105.0265283923126
TS,Trung Sơn 45,"Số 64 QL91, Khu vực Phụng Thạnh 1, Thốt Nốt, Cần Thơ",10.2651306,105.5396007
TS,Trung Sơn 70,"Số 232 Bà Triệu, phường 3, TP. Bạc Liêu, tỉnh Bạc Liêu",9.2851129,105.7206704
TS,Trung Sơn 83,"Số 412 Nguyễn Văn Cừ, phường An Hòa, quận Ninh Kiều, TP Cần Thơ",10.0479019,105.7692833
TS,Trung Sơn 90,"Số 96, Đường 3/2, Phường Xuân Khánh, Quận Ninh Kiều, TP. Cần Thơ",10.0298724,105.7723585
TS,Trung Sơn 97,"Khóm 5, phường Châu Phú A, thị xã Châu Đốc, tỉnh An Giang",10.7094158,105.118622
TS,Trung Sơn 77,"Số 674 Trần Hưng Đạo, P.Bình Đức, TP. Long Xuyên, tỉnh An Giang",10.4026308,105.4194194
TS,Trung Sơn 107,"23 Nguyễn Thái Học, KV Long Thạnh A, Phường Thốt Nốt, Quận Thốt Nốt, Tp. Cần Thơ",10.2714691,105.5333337
TS,Trung Sơn 171,"63/7B khu phố 2, thị trấn Chợ Lách, Huyện Chợ Lách, Tỉnh Bến Tre",10.258666619238719,106.11751462363276
TS,Trung Sơn 136,"Số 07 Ấp Thị Tứ, Thị Trấn Rạch Gòi, H. Châu Thành A, Tỉnh Hậu Giang",9.8970324,105.6667583
TS,Trung Sơn 192,"Căn A1, thửa đất số 157, tờ bản đồ số 08, thị trấn Chợ Mới, H Chợ Mới, tỉnh An Giang",10.551430884986502,105.39476695655465
TS,Trung Sơn 218,"Số 48 Phạm Hữu Lầu, Khóm Mỹ Tây, Thị Trấn Mỹ Thọ, Huyện Cao Lãnh, Tỉnh Đồng Tháp",10.445176545921889,105.69575729243266
TS,Trung Sơn 224,"Ấp 3, Xã Tân Lộc, Huyện Thới Bình, Tỉnh Cà Mau",9.280831946432032,105.20091704442746
TS,Trung Sơn 5,"122 Trần Văn Khéo, P. An Hội, quận Ninh Kiều, Cần Thơ",10.0440723,105.7835297
TS,Trung Sơn 261,"94 Đường 30/4, đặc khu Phú Quốc, An Giang",10.214398310731756,103.96447534390258
TS,Trung Sơn 73,"Số 93, Nguyễn Trung Trực, Phường Vĩnh Bảo, TP. Rạch Giá, Tỉnh Kiên Giang",10.0048279,105.0868923
TS,Trung Sơn 66,"Số 2, Đường Lê Thị Hồng Gấm, Phường 2, TP. Cao Lãnh, tỉnh Đồng Tháp",10.4550281,105.6364828
TS,Trung Sơn 82,"Tháp Mười, 22D Trần Phú, Khóm 4, Thị trấn Mỹ An, Huyện Tháp Mười, Tỉnh Đồng Tháp",10.5191723,105.843703
TS,Trung Sơn 126,"Số 115 Đường Bùi Hữu Nghĩa, Khu Vực III, Phường Bình Thủy, Quận Bình Thủy, Thành phố Cần Thơ",10.0695101,105.7519819
TS,Trung Sơn 221,"Số 525 Nguyễn Thị Hạnh, Thị trấn Óc Eo, Thoại Sơn, An Giang",10.255835069417252,105.15199208136123
TS,Trung Sơn 149,"Số 268, Ấp 1, Thị Trấn Nàng Mau, Huyện Vị Thuỷ, Tỉnh Hậu Giang",9.753075932837262,105.53393439033665
TS,Trung Sơn 247,"Số nhà 118, Ấp Thị, Xã An Phong, Huyện Thanh Bình, Tỉnh Đồng Tháp",10.619391019334996,105.4146201076569
TS,Trung Sơn 257,"18-20-22-24 Nguyễn Thị Minh Khai, phường Mỹ Long, Tp Long Xuyên, tỉnh An Giang",10.381365456346757,105.44093054376717
TS,Trung Sơn 26,"10 Nguyễn Trãi, P. Mỹ Long, TP. Long Xuyên, An Giang",10.3820131,105.4436438
TS,Trung Sơn 29,"Số 353, Khóm 1, TT Lai Vung, Huyện Lai Vung, Đồng Tháp",10.2880398,105.6588732
TS,Trung Sơn 47,"20/1 Trần Hưng Đạo, P. Mỹ Bình, TP. Long Xuyên, An Giang",10.3868665,105.4341786
TS,Trung Sơn 48,"Số 82, QL61, Thị Trấn Cái Tắc, huyện Châu Thành A, Hậu Giang",9.9233299,105.722932
TS,Trung Sơn 9,"97A Mậu Thân, P.An Hoà, Ninh Kiều, Cần Thơ",10.043241,105.765217
TS,Trung Sơn 40,"23 Cách Mạng Tháng Tám, P. An Thới, Bình Thủy, Cần Thơ",10.060301,105.7648419
TS,Trung Sơn 94,"G8-66 Bùi Quang Trinh, P.Phú Thứ, Q.Cái Răng, TP Cần Thơ",10.0046831,105.806924
TS,Trung Sơn 95,"30H - 30N đường Mậu Thân, phường An Nghiệp, quận Ninh Kiều, TP Cần Thơ",10.0355213,105.773023
TS,Trung Sơn 121,"Số 28, Đường 30/4, Phường An Phú, Quận Ninh Kiều, Thành Phố Cần Thơ",10.0309109,105.7810678
TS,Trung Sơn 138,"Thửa 820, Khu Đô Thị Song Phú, Xã Song Phú, H. Tam Bình,Tỉnh Vĩnh Long",10.1151993,105.9014815
TS,Trung Sơn 143,"Số 28 Nguyễn Văn Thoại, Phường Châu Phú A, Thị Xã Châu Đốc, Tỉnh An Giang",10.7105492,105.1190932
TS,Trung Sơn 152,"Số 553 Trần Quang Diệu, Phường An Thới, Quận Bình Thủy, Thành Phố Cần Thơ",10.059122972853014,105.75992764431008
TS,Trung Sơn 177,"135A Trần Phú, Khóm 2, Phường 1, Thành phố Sa Đéc, Tỉnh Đồng Tháp",10.295168610759218,105.75815954164628
TS,Trung Sơn 227,"Đường ĐT842, Ấp Tân Bảnh, Xã Tân Phước, Huyện Tân Hồng, Tỉnh Đồng Tháp",10.82044917121026,105.51121727746643
TS,Trung Sơn 251,"Số 40, Ấp Trung Nam, Xã Bình Trưng, Huyện Châu Thành, Tỉnh Tiền Giang",10.404699289657206,106.20986980527954
TS,Trung Sơn 2,"133 Nguyễn Văn Linh, P. Hưng Lợi, Quận Ninh Kiều, Cần Thơ",10.0285874,105.7541701
TS,Trung Sơn 238,"Số 06, Xã Vĩnh Viễn, Huyện Long Mỹ, Tỉnh Hậu Giang",9.66604782245283,105.4623270185441
TS,Trung Sơn 4,"222 đường 30/4, P.Xuân Khánh, quận Ninh Kiều, Cần Thơ",10.0270506,105.7772615
TS,Trung Sơn 61,"Số 307, Trần Hưng Đạo, KV1, phường 1, TP Vị Thanh, tỉnh Hậu Giang",9.7830991,105.4667689
TS,Trung Sơn 89,"Khu dân cư lô số 20, khu đô thị Nam Cần Thơ, Phường Phú Thứ, Q.Cái Răng, TP.Cần Thơ",10.005897,105.7986046
TS,Trung Sơn 8,"161 đường 30 tháng 4, P. Xuân Khánh, Ninh Kiều, Cần Thơ",10.0270506,105.7772615
TS,Trung Sơn 230,"Số 2622, Đường QL53,  Ấp 7, Xã Tân An Luông, Huyện Vũng Liêm, Vĩnh Long",10.104283154284964,106.0794047432063
TS,Trung Sơn 1,"90 Lý Tự Trọng, P.An Cư, Quận Ninh Kiều, Cần Thơ",10.034068511953382,105.77962872621391
TS,Trung Sơn 124,"Số 1057 Hùng Vương, Thành Phố Ngã Bảy, Tỉnh Hậu Giang",9.8152115,105.8168104
TS,Trung Sơn 155,"Số 702, Quốc lộ 61, Khu Phố Minh An, Thị trấn Minh Lương, Huyện Châu Thành, Tỉnh Kiên Giang",9.905040477155987,105.15781706616814
TS,Trung Sơn 182,"Số 42E, Ấp An Ninh 2, Thị Trấn Kế Sách, Huyện Kế Sách, Tỉnh Sóc Trăng",9.768618622809662,105.98623856191064
TS,Trung Sơn 132,"Số 160 Châu Văn Liêm, Kv 14, Q. Ô Môn, Thành Phố Cần Thơ",10.1175338,105.6249701
TS,Trung Sơn 208,"Số 60 Đường Tô Hiến Thành Phường An Khánh, Quận Ninh Kiều, Thành phố Cần Thơ",10.037320041493974,105.74953587191467
TS,Trung Sơn 21,"Số 01, ĐT922, Khu Vực 5, quận Ô Môn, thành phố Cần Thơ",10.1090469,105.6177797
TS,Trung Sơn 244,"Số 3079, Tỉnh Lộ 941, Thị Trấn Vĩnh Bình, Huyện Châu Thành, Tỉnh An Giang",10.44238126849702,105.16902185538912
TS,Trung Sơn 3,"61/2 Cách Mạng Tháng Tám, P. Cái Khế, Ninh Kiều, Cần Thơ",10.0494892,105.7758121
TS,Trung Sơn 254,"Thửa Đất 78, Đường số 8, KDC Thị Trấn Thạnh Hoá, Huyện Thạnh Hoá, Tỉnh Long An",10.658406906400943,106.18072193596802
TS,Trung Sơn 37,"399 đường Nguyễn Văn Cừ, KV3, Phường An Khánh, Quận Ninh Kiều, TP. Cần Thơ",10.0341413,105.7558363
TS,Trung Sơn 86,"Số 131-132, Tờ bản đồ số 27 Trần Hưng Đạo, Mỹ Thới, TP. Long Xuyên, An Giang",10.3468802,105.4645708
TS,Trung Sơn 38,"Ki-ốt 1,2,3,4, Ấp Vĩnh Tiến, Thị Trấn Vĩnh Thạnh, Huyện Vĩnh Thạnh, TP. Cần Thơ",10.2305931,105.3967564
TS,Trung Sơn 116,"160 Trần Phú, Ấp Phú Hữu, Thị Trấn Phú Hòa, Huyện Thoại Sơn, Tỉnh An Giang",10.3591838,105.37582
TS,Trung Sơn 122,"Số 63 Lê Thánh Tôn, Khóm 2, Thị Trấn Tri Tôn, Huyện Tri Tôn, Tỉnh An Giang",10.4225029,105.0003317
TS,Trung Sơn 189,"Số 319, tổ NDTQ 21, ấp Mỹ Phú, xã Mỹ Lộc, Huyện Tam Bình, Tỉnh Vĩnh Long.",10.113187726507187,105.96551606747322
TS,Trung Sơn 16,"93 Trần Hưng Đạo, phường 5, TP. Cà Mau, tỉnh Cà Mau",9.1819277,105.1588467
TS,Trung Sơn 193,"Thửa 517, tờ bản đồ số 38, đường Phan Thị Ràng, Thành phố Rạch Giá, Tỉnh Kiên Giang",9.970200710104892,105.10602106770624
TS,Trung Sơn 81,"Số 38-39, Dãy A5, KDC TM H. Phong Điền, thị trấn Phong Điền, Huyện Phong Điền, Thành phố Cần Thơ",9.9972877,105.6673216
TS,Trung Sơn 91,"Số 31, Đường Mai Thanh Thế, Khóm 1, Phường 1, Thị xã Ngã Năm, Tỉnh Sóc Trăng",9.5642007,105.597115
TS,Trung Sơn 256,"Số 43, Quốc lộ 62, Phường 2, Thành phố Tân An, Long An",10.54149154500102,106.40610885800481
TS,Trung Sơn 106,"59-L04, Khu Phố Đông An, Thị Trấn Tân Hiệp, Huyện Tân Hiệp, Tỉnh Kiên Giang",10.1175064,105.2886972
TS,Trung Sơn 145,"Số 592 tỉnh lộ 921, Ấp Thạnh Lợi, Xã Trung An, H. Cờ Đỏ, TP Cần Thơ",10.2050219,105.5039639
TS,Trung Sơn 167,"Số 66, Đường Nguyễn Văn Tre, Xã Mỹ Tân, TP. Cao Lãnh, tỉnh Đồng Tháp",10.470601515001668,105.62889624513318
TS,Trung Sơn 176,"Số 396 Trần Hưng Đạo, Khu vực 5, Phường 7, Thành phố Vị Thanh, Tỉnh Hậu Giang",9.752650995351164,105.41535109874677
TS,Trung Sơn 170,"Thửa đất 176, số 34. Khóm 4,Thị Trấn Đầm Dơi, Huyện Đầm Dơi, Tỉnh Cà Mau",8.993462913354533,105.19730632578135
TS,Trung Sơn 249,"1345A1, Tổ 54, Khóm 5, Phường Mỹ Ngãi, TP.Cao Lãnh, Tỉnh Đồng Tháp",10.458173991243823,105.63076174085747
TS,Trung Sơn 54,"Số 69-71 Quang Trung, Phường Xuân Khánh, Quận Ninh Kiều, Thành Phố Cần Thơ",10.027894,105.7802728
TS,Trung Sơn 55,"Số 2-2A, Đường 3/2, Phường 1, Thành Phố Vĩnh Long, Tỉnh Vĩnh Long",10.2567116,105.9734988
TS,Trung Sơn 72,"45 Triệu Nương, ấp Châu Thành, thị trấn Mỹ Xuyên, huyện Mỹ Xuyên, tỉnh Sóc Trăng",9.5592929,105.9890033
TS,Trung Sơn 33,"50 đường Phú Lợi, Khóm 1, Phường 2, Thành phố Sóc Trăng, Sóc Trăng",9.5962349,105.9684099
TS,Trung Sơn 11,"562 Nguyễn Trãi, KV Yên Hạ, P.Lê Bình, Cái Răng, Cần Thơ",10.0033994,105.7519031
TS,Trung Sơn 111,"Thửa đất số 2065 & 2066, Tờ bản đồ số 2A, Ấp Phú Xuân, Xã Phú Hữu, Huyện Châu Thành, Tỉnh Hậu Giang",9.9404868,105.8665269
TS,Trung Sơn 114,"Ấp Thới Phong A, Thị Trấn Thới Lai, Huyện Thới Lai, Thành Phố Cần Thơ",10.0677073,105.547662
TS,Trung Sơn 24,"108 Đường 3/2 (nối dài), Phường An Bình, Quận Ninh Kiều, thành phố Cần Thơ",10.0195771,105.757616
TS,Trung Sơn 25,"457 Đường 30/04 , Phường Hưng Lợi, Quận Ninh Kiều, TP. Cần Thơ",10.0143311,105.7626345
TS,Trung Sơn 258,"Số 9, Đường 3/2, Khu Phố Phước Trung 1, Xã Gò Quao, Tỉnh An Giang",9.730837057942805,105.27070644864396
TS,Trung Sơn 223,"99/2 Tân Duyệt, Khóm 1, Thị Trấn Cái Nước, Huyện Cái Nước, Tỉnh Cà Mau",8.938328329157953,105.01398254019776
TS,Trung Sơn 260,"Số 64/12B, Đường Trần Phú, P. Phước Hậu, Tỉnh Vĩnh Long",10.233162126776906,105.98678533059332
TS,Trung Sơn 46,"125 Đường 30/4, Phường Thuận An, Thị Xã Long Mỹ, tỉnh Hậu Giang",9.6824553,105.5740026
TS,Trung Sơn 35,"166/5A Phạm Hùng, phường Lê Bình, quận Cái Răng, TP. Cần Thơ",9.9976644,105.7497378
TS,Trung Sơn 64,"L5-05, đường Mai Thị Hồng Hạnh, p. Rạch Sỏi, TP Rạch Giá, tỉnh Kiên Giang",9.95514,105.1207872
TS,Trung Sơn 96,"951 đường tỉnh 926, Trường Long, Phong Điền, Cần Thơ",9.9809546,105.6355367
TS,Trung Sơn 104,"301F/4 Nguyễn Văn Linh, Phường An Khánh, Quận Ninh Kiều, Thành Phố Cần Thơ",10.0351339,105.7462346
TS,Trung Sơn 133,"Số 27-29 Nguyễn Trãi, Phường An Thạnh, Thành Phố Hồng Ngự, Tỉnh Đồng Tháp",10.8084431,105.3427637
TS,Trung Sơn 128,"Số 24 đường A2 Khu dân cư Hưng Phú, Phường Hưng Phú, Quận Cái Răng, Thành Phố Cần Thơ",10.0204082,105.7827724
TS,Trung Sơn 148,"Số 186 Đường Châu Văn Liêm, Khóm 2, Thị Trấn Mỹ Luông, H. Chợ Mới, Tỉnh An Giang",10.5083542,105.4891169
TS,Trung Sơn 156,"Số 663, Đường Phạm Hữu Lầu, Phường 06, Thành phố Cao Lãnh, Tỉnh Đồng Tháp",10.428706150960256,105.6331969374976
TS,Trung Sơn 164,"Số 10 đường 3 tháng 2, Khóm 1, TT. Cái nhum, H. Mang Thít, T. Vĩnh Long",10.256480686188194,105.9693463680305
TS,Trung Sơn 199,"309A Thị trấn Phước Long, Huyện Phước Long, Tỉnh Bạc Liêu",9.436688095152915,105.45946011321413
TS,Trung Sơn 42,"Số 23 đường Trần Hưng Đạo, KV1, phường Châu Văn Liêm, quận Ô Môn, thành phố Cần Thơ",10.114945,105.6214636
TS,Trung Sơn 50,"47B đường 3/2, phường Xuân Khánh, Quận Ninh Kiều, TP Cần Thơ",10.0248552,105.7675058
TS,Trung Sơn 57,"Số 187, Đường Nguyễn Thị Minh Khai, khóm 3, phường 3, TP Sóc Trăng, tỉnh Sóc Trăng",9.5972325,105.974084
TS,Trung Sơn 58,"Số 65, Trưng Nữ Vương , Phường 1 , TP Vĩnh Long , Tỉnh Vĩnh Long",10.2518121,105.9727884
TS,Trung Sơn 79,"312B, Nguyễn Văn Linh, Phường An Khánh, Quận Ninh Kiều, Thành Phố Cần Thơ",10.0267946,105.7568181
TS,Trung Sơn 99,"106 Đường Cách Mạng Tháng 8, Cái Khế, Bình Thủy, Cần Thơ",10.0494892,105.7758121
TS,Trung Sơn 250,"584/AĐ1, ấp An Định 1, xã An Ngãi Trung, Ba Tri, Bến Tre",10.070676569185105,106.54005715499108
TS,Trung Sơn 151,"Thửa 133 và 134 Đường Trần Hưng Đạo, Thị Trấn Tràm Chim, Huyện Tam Nông, Tỉnh Đồng Tháp",10.671350204143476,105.55801971482231
TS,Trung Sơn 139,"Số 03 Hà Huy Giáp, Ấp Thới Hòa, Thị Trấn Cờ Đỏ, H. Cờ Đỏ, Thành Phố Cần Thơ",10.0939751,105.4303492
TS,Trung Sơn 197,"Số 133, đường Bà Triệu, phường 3, Thành phố Bạc Liêu, Tỉnh Bạc Liêu",9.290772687423086,105.72334935452632
TS,Trung Sơn 20,"17B Đường Nguyễn Văn Linh, Hưng Lợi, Ninh Kiều, Cần Thơ",10.0230578,105.7622542
TS,Trung Sơn 237,"Số 115/1A, Đường Ấp Kinh B, Thị Trấn Tân Hiệp, Huyện Tân Hiệp, Tỉnh Kiên Giang",10.13747971963019,105.30477718598249
TS,Trung Sơn 255,"Số 272, Tổ 10, Ấp Trường Thành A, Xã Trường Khánh, Huyện Long Phú, Tỉnh Sóc Trăng",9.676909400431708,106.00817472808865
TS,Trung Sơn 27,"Số 9, đường Nguyễn Văn Thảnh, Tổ 36, Khóm 1, phường Cái Vồn, Thị xã Bình Minh, Tỉnh Vĩnh Long",10.0703554,105.8240673
TS,Trung Sơn 28,"49 Trần Hưng Đạo, Phường 2, Thành phố Sa Đéc",10.2931795,105.7677171
TS,Trung Sơn 36,"21H Ung Văn Khiêm, P. Mỹ Phước, TP. Long xuyên, An Giang",10.3705128,105.4364777
TS,Trung Sơn 39,"Ấp Thới Thuận, Thị Trấn Cờ Đỏ, Huyện Cờ Đỏ, TP. Cần Thơ",10.0939751,105.4303492
TS,Trung Sơn 60,"Số 1/399 Lê Lợi, phường Ngã Bảy, Tp Ngã Bảy, Hậu Giang",9.8123488,105.8187601
TS,Trung Sơn 84,"Số P5-C43, Đường Nam Kỳ Khởi Nghĩa, Phường An Hòa, Thành phố Rạch Giá, Tỉnh Kiên Giang",9.9720532,105.0971578
TS,Trung Sơn 85,"Số 90 Nguyễn Chí Thanh, Phường Trà Nóc, Quận Bình Thủy, Thành phố Cần Thơ",10.0951583,105.7131362
TS,Trung Sơn 102,"Thị trấn Tân Quới, huyện Bình Tân, tỉnh Vĩnh Long",10.1039786,105.7586028
TS,Trung Sơn 140,"26 Phạm Ngũ Lão, Phường An Hòa, Q. Ninh Kiều, Thành Phố Cần Thơ",10.0462803,105.7765271
TS,Trung Sơn 146,"Thửa 787, Khu Phố Chợ, Xã Hựu Thành, H. Trà Ôn, tỉnh Vĩnh Long",9.9601252,106.0833563
TS,Trung Sơn 129,"Số 21-23 Trần Văn Trà, khu Dân Cư Hưng Phú, Phường Hưng Phú, Quận Cái Răng, Thành Phố Cần Thơ",10.0162189,105.7838679
TS,Trung Sơn 166,"Số 22 Thiên Hộ Dương Phường 4, TP. Cao Lãnh, Đồng Tháp",10.454463506259868,105.62970260701903
TS,Trung Sơn 181,"Số 127 Đường Hai Bà Trưng, Ấp Phố Dưới B, TT. Lịch Hội Thượng, Huyện Trần đề, Tỉnh Sóc Trăng",9.47581902845406,106.14709591403745
TS,Trung Sơn 184,"Số 226 ĐT921 Xã Trung Hưng, Huyện Cờ Đỏ, Thành Phố Cần Thơ",10.183823251581346,105.47796269814967
TS,Trung Sơn 160,"6A/TK, Ấp Tân Khánh, Xã Tân Thành, Huyện Lai Vung, Tỉnh Đồng Tháp",10.259354643916057,105.57741767421872
TS,Trung Sơn 207,"Số 10, Ấp Hoà Phụng, Thị trấn Kinh Cùng, Huyện Phụng Hiệp, Tỉnh Hậu Giang",9.81288706527739,105.6474955066063
TS,Trung Sơn 32,"188-188A, đường Nguyễn Sinh Sắc, Khóm Hoà Khánh, Phường 2, Thành phố Sa Đéc",10.2887803,105.7716787
TS,Trung Sơn 49,"Số 99, Ngô Quyền, P.Cái Vồn, Tx Bình Minh, tỉnh Vĩnh Long",10.0687062,105.8206848
TS,Trung Sơn 53,"153/4, Thoại Ngọc Hầu, P.Mỹ Long, TP. Long Xuyên An Giang",10.3810879,105.4436505
TS,Trung Sơn 65,"Số 197A, Đường Nguyễn Văn Cừ, KV2, Phường An Bình, Quận Ninh Kiều Cần Thơ",10.0264902,105.7478517
TS,Trung Sơn 71,"380H1 Trần Nam Phú, Phường Tân An, TP. Cần Thơ",10.033737560268019,105.75876220389097
TS,Trung Sơn 92,"Số 441, khu vực Bình Hòa A, phường Phước Thới, Quận Ô Môn, TP Cần Thơ",10.1059728,105.6694627
TS,Trung Sơn 157,"Số 360, Đường Thái Thị Hạnh, Khu vực Thới Mỹ, Phường Thới Long, Quận Ô Môn, Thành phố Cần Thơ",10.173104371526966,105.59054981221634
TS,Trung Sơn 191,"Số 36 Hải Thượng Lãng Ông, Phường 6, Thành phố Cà Mau, Tỉnh Cà Mau",9.1753547222971,105.15375225514967
TS,Trung Sơn 23,"13 Lê Hồng Phong, Bình Thuỷ, Bình Thủy, Cần Thơ",10.0755194,105.7487314
TS,Trung Sơn 242,"58, Khu Phố 2 ,Thị Trấn Tân Thạnh, Huyện Tân Thạnh, Tỉnh Long An",10.611723808148344,106.04513161003418
TS,Trung Sơn 31,"880 Hà Hoàng Hổ, P.Mỹ Xuyên, TP.Long Xuyên, An Giang",10.3760682,105.4190318
TS,Trung Sơn 6,"304A Nguyễn Văn Cừ nối dài, P. An Khánh, quận Ninh Kiều, Cần Thơ",10.0264902,105.7478517
TS,Trung Sơn 194,"Số 2/7A, Đường Nguyễn Huỳnh Đức, khu phố 8, P. 8, Thành phố Mỹ Tho, Tiền Giang",10.35833955059156,106.37440682795369
TS,Trung Sơn 80,"Số 5-E0, Hàm Nghi, phường Bình Khánh, TP Long Xuyên, tỉnh An Giang",10.3585644,105.3756007
TS,Trung Sơn 108,"Ấp Phù Ly 1, Xã Đông Bình, Thị xã Bình Minh, Tỉnh Vĩnh Long",10.0464871,105.8353769
TS,Trung Sơn 12,"Căn C1, TTTM, Thốt Nốt, Cần Thơ",10.2720031,105.5336964
TS,Trung Sơn 137,"Số 756 Đường Bùi Hữu Nghĩa, Phường Long Hòa, Q. Bình Thủy, Thành Phố Cần Thơ",10.0559901,105.7254458
TS,Trung Sơn 144,"Số 60 Điện Biên Phủ, khóm 3, phường 2, Thành phố Trà Vinh, Tỉnh Trà Vinh",9.9335804,106.3412527
TS,Trung Sơn 168,"Số 151 Khu Vực 2,Phường Ba Láng, Quận Cái Răng, Thành Phố Cần Thơ",9.969360788409157,105.73799283860181
TS,Trung Sơn 187,"Số 235, Tổ 10, Khu Phố 6, Đường Hùng Vương, Thị Trấn Giồng Riềng, Huyện Giồng Riềng, Tỉnh Kiên Giang",9.910573955154572,105.31270800705066
TS,Trung Sơn 67,"Số 14A, QL 161, ấp Nhất, xã Thạnh Hòa, huyện Phụng Hiệp, Hậu Giang",9.9105988,105.7493211
TS,Trung Sơn 68,"Số 64/4G Trần Phú, Phường 4, Thành Phố Vĩnh Long, Tỉnh Vĩnh Long",10.2325104,105.9876931
TS,Trung Sơn 252,"Số 252, Tổ 11, Khóm An Hòa A, Thị Trấn Ba Chúc, Huyện Tri Tôn, Tỉnh An Giang.",10.49304805994838,104.90878018703307
